Id,FirstName,LastName,Email,Address
2ef8b730-37fe-44eb-9167-6b9060179656,Dasha,Flawith,dflawith0@vinaora.com,5 Cambridge Circle
02ded5f5-5c6b-40b5-988b-af89dfa3b537,Gauthier,Rilston,grilston1@census.gov,66 Center Center
831ceeee-7841-42a9-b8e1-85ee71d0a9cf,Julie,Bertl,jbertl2@oaic.gov.au,185 Commercial Trail
1d2ff6ab-4372-4465-9925-844281dbd4a3,Cornall,Eakin,ceakin3@ameblo.jp,024 Pond Road
a601ca3e-cf0b-49c1-a700-3bede83feba6,Thorpe,Korpal,tkorpal4@merriam-webster.com,86 Spaight Park
2cab112c-35c6-44fd-b4ea-1186a397528d,Worthy,Mollatt,wmollatt5@godaddy.com,004 Sycamore Way
45ae9b96-4ce2-4ebe-b4b3-9f096ee38f9c,Cameron,Sporgeon,csporgeon6@amazon.co.uk,20449 Talmadge Road
573c33bc-e4e1-4640-923f-0268f7553127,Sophi,Pieper,spieper7@jimdo.com,67 Summer Ridge Pass
f6602a6b-7c6c-44e2-8819-d3a9b4b93429,Raddy,Pittway,rpittway8@linkedin.com,89 Laurel Street
784f27b3-8b3a-4f6e-b3f5-6a6d71914546,Korry,Kays,kkays9@independent.co.uk,7 Sauthoff Avenue
feceea62-3f9c-47ae-837d-7dbda535612f,Lukas,Brayn,lbrayna@theglobeandmail.com,2358 Parkside Trail
07c5ae0f-606b-4d05-82d2-0ac91b21d378,L;urette,Plail,lplailb@hibu.com,2943 Surrey Terrace
d2f146c3-1a17-413f-b618-39f0ac0a0420,Samuele,Baltzar,sbaltzarc@ustream.tv,79718 Northport Way
6c64ca14-06e4-420c-a9df-60dfb04a1012,Avictor,Ruecastle,aruecastled@dropbox.com,554 Vahlen Lane
08daddf3-bc58-4a2e-9335-56452545b459,Jazmin,Rampley,jrampleye@bravesites.com,99 Basil Terrace
d951c9f3-8577-4c5d-976a-166a79fa810c,Roth,Girodier,rgirodierf@cam.ac.uk,43 4th Circle
6a9e98e6-001f-42ba-a438-b8ff8eda9e40,Elke,Fosberry,efosberryg@yellowbook.com,8 Burrows Terrace
b485c473-a687-4122-b9f7-4a9a2514509c,Johnny,Meak,jmeakh@nih.gov,5820 Rigney Way
92a1f905-6e9b-4d87-ab1b-1452fad3ad8a,Floria,Dishmon,fdishmoni@mayoclinic.com,9485 Birchwood Point
d4dc7397-656c-44bd-a0ec-c23ab5784219,Forbes,Hazeley,fhazeleyj@chicagotribune.com,4823 Glendale Junction
e0a3b811-4c92-4568-8fbb-8b64fe2ac57b,Julianne,Shambrook,jshambrookk@whitehouse.gov,7922 Meadow Ridge Court
16de5730-6306-412f-ac2d-51442d627af5,Marcelle,Frantz,mfrantzl@cargocollective.com,72 Rusk Park
c7ef7aca-00d9-4111-8315-3c6354e33fe2,Winthrop,Kopfer,wkopferm@e-recht24.de,68720 Little Fleur Street
87fa19c5-be99-4a18-99f7-0e67960669b5,Alyce,Titterington,atitteringtonn@moonfruit.com,41 Bartillon Alley
d905a0e3-f67e-4cc5-b076-83fb61876858,Darsie,Reily,dreilyo@state.gov,82329 Arizona Plaza
da4e58e9-3502-45d4-a9e8-927e3bc88674,Alane,Ibbitt,aibbittp@merriam-webster.com,1 Ramsey Lane
5b16a8d6-58fc-499b-abc8-bb8593ba30dd,Noel,Seabrocke,nseabrockeq@harvard.edu,206 Loftsgordon Parkway
8226aa6b-f256-4f89-9a92-133011dbc732,Marcy,Stobbie,mstobbier@bloomberg.com,2 Morrow Crossing
699e77a2-876d-445f-a0ed-adb0dd9e8576,Fred,Batchan,fbatchans@ning.com,14701 Norway Maple Point
cb03bcb0-6c32-4c08-9b0e-6dfe97ed7ede,Lishe,Bourke,lbourket@deliciousdays.com,690 Schlimgen Park
0390bb7e-c707-4fb2-8545-97b7eec26584,Brigg,Goff,bgoffu@mysql.com,794 Tennyson Court
1e4fc729-76d9-443e-a104-f5d1d1025fc9,York,Buckingham,ybuckinghamv@oakley.com,22178 Lighthouse Bay Junction
7af4825d-952f-4866-85b7-2ce39f99fc7d,Selby,Boult,sboultw@cornell.edu,30065 Haas Terrace
4d87ca37-492a-4f09-8475-460c35b42162,Erika,Mantle,emantlex@mapquest.com,972 Loftsgordon Street
a640d8b3-13a4-4edc-b401-b81dcf55a162,Catarina,Forster,cforstery@alexa.com,3 Hazelcrest Road
73d645db-0907-497d-b96c-cf83a13976c7,Drusilla,Jopson,djopsonz@hubpages.com,6 Main Junction
a846fe1d-9360-4c99-830e-9936d156bdd0,Kerry,Witson,kwitson10@nymag.com,356 Shelley Circle
c56b7a04-455a-4d14-8655-e277f3586858,Drusilla,Mee,dmee11@craigslist.org,8 Maryland Terrace
879aee14-8de3-4fcf-a962-9c45d8f4e365,Andromache,Cow,acow12@mtv.com,73 Miller Terrace
7f8d3f68-da4b-4614-87b6-cce93aa7f54d,Katherine,Jermey,kjermey13@csmonitor.com,9428 Grasskamp Trail
d1483bab-a4cd-474a-8c85-03908efc652d,Rriocard,Marrington,rmarrington14@drupal.org,4840 Roxbury Street
0a70eda1-c1ab-4fc4-b0fc-c128a686919d,Diana,Coombe,dcoombe15@soup.io,957 Florence Road
cd2a0ab6-9e93-4d2b-a33f-8b64fa0fa5f8,Penny,Bourthouloume,pbourthouloume16@vistaprint.com,6 Atwood Hill
8e63fab3-dc77-41e3-b3a2-9c2fcc0adc95,Marvin,Abdie,mabdie17@shop-pro.jp,43 Monument Drive
be7debf4-1ccc-472d-b943-d281076960e0,Demott,Schwaiger,dschwaiger18@biglobe.ne.jp,412 Amoth Alley
d4c1f6ca-cff0-4d50-bbf6-6fb25b57651e,Bram,Kiss,bkiss19@pen.io,44170 Blackbird Court
8b9742b5-93e7-470a-907b-a204f4bf4cbe,Valerye,Housin,vhousin1a@livejournal.com,3605 Golf Course Terrace
9291901f-ef18-41cd-85c9-54ecb07498c4,Lazar,Fullbrook,lfullbrook1b@ovh.net,9819 Oakridge Road
d046d366-f0cc-4085-bf5b-f927a88adbb1,Dierdre,Leven,dleven1c@merriam-webster.com,09147 Hovde Lane
5c4b3533-5260-4a6c-ae52-da8bdf3bdf2c,Ripley,Columbine,rcolumbine1d@jiathis.com,0680 Declaration Trail
d04e5f65-fdd0-44eb-a8a7-cbbc44b5646e,Hephzibah,Melton,hmelton1e@studiopress.com,4740 Bonner Crossing
caff2685-055c-460f-8ed3-51d810b663cd,Brad,Ruby,bruby1f@dell.com,531 Fisk Street
ab633192-165c-40b7-bb79-1a9d65b38479,Nefen,Cardoo,ncardoo1g@themeforest.net,0216 Florence Crossing
4b15e97f-0d7c-485c-81b3-167924e70c3d,Ellery,Caswall,ecaswall1h@angelfire.com,7 Valley Edge Court
a199486b-c030-4c32-8b56-13ca7346c2ab,Cherry,Cosins,ccosins1i@elegantthemes.com,9 Raven Plaza
35cce13b-8353-4e6b-b694-416d23f1bc61,Christiana,Blewett,cblewett1j@gnu.org,068 Pearson Lane
b75c53ca-0a50-419a-9d1a-43c19b3da142,Kitty,Beaglehole,kbeaglehole1k@so-net.ne.jp,751 Holy Cross Hill
1de8b702-c710-4e40-b2dc-b9e5187df05b,Elwyn,Hateley,ehateley1l@sourceforge.net,07 Gerald Court
55fa4cc2-8a43-4d87-b6f6-3fed80258ca6,Nickey,Noades,nnoades1m@yahoo.com,3044 Kingsford Trail
e7041d61-7d56-4493-a4d3-92e846fbb882,Constancy,Portt,cportt1n@xrea.com,3 Fulton Drive
c567b29f-fa41-435b-9dd2-eeef1825a931,Stearn,Foucar,sfoucar1o@bbb.org,418 Laurel Crossing
248a99a2-d45a-4fdc-9e52-1fa8d8ea722b,Leontyne,Sharman,lsharman1p@is.gd,570 South Pass
d65faaab-e0de-4a66-9521-7662d488d0ff,Ole,Jury,ojury1q@hibu.com,4042 Mesta Trail
a23e976f-7812-4072-8574-6bd03506b7db,Vance,Beaston,vbeaston1r@networksolutions.com,371 Anzinger Street
6f6ea041-fb70-451d-84e1-80e58bc03cf5,Lenka,Finci,lfinci1s@yale.edu,9197 Rusk Plaza
65db2a87-d35d-4b04-bdcd-87f0f63a0c60,Celka,Reubbens,creubbens1t@wufoo.com,85 Everett Place
cc12e59e-6d62-433a-b3b4-b1fd798d32b9,Shelia,Zorzoni,szorzoni1u@lycos.com,3467 Glacier Hill Park
b05e7633-c8cc-4b03-86d5-00061c8ae537,Kelly,Memory,kmemory1v@bing.com,15 Huxley Crossing
bd2d842e-3cfa-4fa4-9b0a-7e76360cda1d,Alli,Bladesmith,abladesmith1w@nba.com,11126 Everett Way
deec5679-6078-4bed-932c-c23430cac63d,Roby,Davison,rdavison1x@newsvine.com,621 Stephen Court
19a44294-d27a-48dc-b1a3-cbcf5a6cb61b,Analise,Train,atrain1y@zdnet.com,73213 Maple Hill
48c753c1-61e6-4137-ba0c-846f7007f475,Melessa,Tacey,mtacey1z@imageshack.us,17044 Norway Maple Parkway
19522daf-f91e-491d-bf1e-47328da84f36,Elton,Saward,esaward20@wired.com,59947 Golf View Street
9f18cc3a-5ae0-40f9-9431-657c4648de8e,Filmore,Pallaske,fpallaske21@cdc.gov,980 Dahle Hill
bea93949-c3ca-420e-bef0-ead3ab05f722,Boothe,Mourbey,bmourbey22@wikipedia.org,80024 Steensland Parkway
234bd444-1f61-42c7-a7a7-44e3a66e7f02,Francine,Lanceter,flanceter23@xing.com,30321 Carpenter Plaza
2b8dc811-6b2a-4399-8901-09d1480ef8c1,Ruben,Ilive,rilive24@techcrunch.com,804 Sauthoff Lane
2a051fd5-ae23-4fa9-a7cd-b4c3f758b557,Jeri,Kenna,jkenna25@archive.org,5 Killdeer Center
060c8cdd-dd10-4eee-964e-eb8e52a40c87,Norman,Warrilow,nwarrilow26@flickr.com,9033 Hansons Avenue
9031adaf-5d93-4484-90cb-aed9524fc4cf,Cameron,Skures,cskures27@rambler.ru,5351 Homewood Point
33a050ac-284d-4511-95d7-639b3e80d30c,Malissa,Farmiloe,mfarmiloe28@geocities.jp,93 Lakeland Drive
73d9a720-19a5-4f5e-b4d6-83f199c9fc30,Aggi,Saunders,asaunders29@is.gd,43065 Ronald Regan Center
82bae249-658b-4071-a218-3633c1de5990,Farah,Mathelin,fmathelin2a@redcross.org,4 Quincy Avenue
423da3a2-e582-419a-bcec-aa97185dc536,Aileen,Kent,akent2b@bbc.co.uk,807 Cottonwood Hill
82b95ec2-3e4e-4180-a440-a352115cd43c,Morten,Dunphie,mdunphie2c@usda.gov,83417 High Crossing Trail
53335242-d0d6-41c5-8d51-4e24fc594fcf,Marci,Bonas,mbonas2d@sogou.com,13 Carberry Terrace
51164b9e-6d55-49a6-8847-88b5b6a0ff9b,Giuditta,Oxbie,goxbie2e@google.es,43 Vernon Junction
944d9d65-9a6c-494c-913d-b6677d848612,Nerta,Cockin,ncockin2f@bbc.co.uk,753 Glendale Alley
dca4f415-ebc9-40a8-8de0-12e61d24e1cd,Keelia,Trump,ktrump2g@chron.com,0 Armistice Lane
92db3347-8b26-42b1-9ed3-c91bedde191f,Ciel,Janik,cjanik2h@washingtonpost.com,1857 Vernon Junction
9dcce535-0493-41cb-9257-915dab8a3b81,Pail,Jasiak,pjasiak2i@ifeng.com,6 Declaration Point
70e85d88-0a1e-4e70-a392-908e108c45d4,Adelind,Iacovozzo,aiacovozzo2j@wikimedia.org,6 Red Cloud Pass
118fb4e2-7c7a-44f5-aecf-ffd14fc7357a,Haydon,Boshere,hboshere2k@nature.com,2 Pepper Wood Point
bade19ed-3fd2-4939-8bc7-6d59f1cc3971,Jami,Spellar,jspellar2l@shutterfly.com,631 Myrtle Court
365d9135-1f32-49e1-a0d1-f34f9b866b81,Venita,Halpeine,vhalpeine2m@ebay.com,0670 Drewry Court
8aca3011-b416-4338-85aa-8cf11d59189b,Noam,Merryman,nmerryman2n@about.com,21734 Bashford Hill
2fde661f-98dd-4f33-bc57-c9b970a0fb54,Tannie,Bothams,tbothams2o@yahoo.co.jp,79 Banding Junction
d0d8533c-43dd-47b7-bc1e-097665155ef5,Leodora,Muffin,lmuffin2p@pinterest.com,99 Lighthouse Bay Lane
5d157099-ae5b-49a5-ba39-d1bbdf3d94c8,Charissa,Ambrozik,cambrozik2q@spiegel.de,8 Hermina Lane
9607bf0c-e0ff-4bd7-9a18-0c00fc15c2f7,Madlin,Geindre,mgeindre2r@twitter.com,7516 Manitowish Place
4ec6fa1f-56cb-4444-8a07-28ff2560f83a,Gaynor,Mayworth,gmayworth2s@acquirethisname.com,89706 Spaight Circle
e760b6a2-31c7-4ebe-8e76-0a04ae34996d,Gwenneth,Selvey,gselvey2t@cdc.gov,45734 Eagle Crest Center
c3cf227e-e4fb-4837-8322-748da4efe110,Orion,Makepeace,omakepeace2u@pagesperso-orange.fr,820 Lakewood Gardens Lane
d4ac4923-3ccf-47b6-ac2f-02511714f745,Marylin,Bynold,mbynold2v@senate.gov,59402 Packers Parkway
efc2d6a2-9536-4ff8-977f-cdf44a4c2723,Feliza,Briance,fbriance2w@angelfire.com,8 Clyde Gallagher Way
0d293bc0-e377-4244-bb59-2c2e74054f64,Nicholas,Idwal Evans,nidwalevans2x@who.int,584 Burning Wood Way
9405b6e8-62fc-43b7-932f-adcc76afe298,Fredia,Starzaker,fstarzaker2y@mozilla.com,4475 Banding Lane
7d130fdd-43ac-4324-af8d-3de37ee6d5d2,Norine,Carlozzi,ncarlozzi2z@foxnews.com,3614 Springs Avenue
e0e3b5b7-21c1-461c-aec1-b209655fb895,Aurie,Itzhaiek,aitzhaiek30@gizmodo.com,2 Tennyson Alley
54e994e9-a6cf-493b-8b45-a23124031b63,Ethelda,Costa,ecosta31@addthis.com,39974 Dawn Circle
0f5ae8ad-d4ef-453c-9fc7-208b1b40215f,Gonzales,Rudledge,grudledge32@arstechnica.com,6910 Eastwood Crossing
4b9b09a4-31f7-4966-b1ba-2f11b531ee17,Prinz,Hinkins,phinkins33@usnews.com,17031 Ohio Lane
004979c2-17ec-4252-ab29-dcfb06c815d3,Melosa,Haggas,mhaggas34@springer.com,104 Moland Pass
14f4dc3a-9a1e-46b2-a64c-bd95a0f7adcc,Jillane,Wintle,jwintle35@hugedomains.com,6 Sycamore Way
baecb6ab-d5fd-400c-a78d-00360b97a424,Clevie,Alden,calden36@bandcamp.com,54166 Spaight Avenue
0d58a1a4-05ba-468b-9a28-0c6c8b30fae0,Bennie,Fernant,bfernant37@patch.com,276 Commercial Lane
85f4a6bd-0672-4486-985e-17f7d91d25fb,Whit,Bernli,wbernli38@dailymotion.com,668 Banding Way
52905f86-da67-4189-b5fd-b91bcc8bf75e,Connie,Files,cfiles39@zdnet.com,8896 Hooker Terrace
d3f69830-c051-4cfc-912c-82db2c22060d,Ray,Baldoni,rbaldoni3a@comcast.net,109 Hermina Court
2a3747b0-e24e-43d2-9a52-e8f751bc9016,Temp,McKinn,tmckinn3b@symantec.com,13 Laurel Trail
b965bf99-b2c2-414e-992b-4311420e71ee,Nikolas,Virgo,nvirgo3c@addthis.com,40 Chinook Avenue
a952984a-de64-4425-ab85-c10016fd4635,Manolo,Brewer,mbrewer3d@miitbeian.gov.cn,286 Mifflin Pass
be03c1b2-c5b9-46cb-b94d-925d0961a17e,Freda,Brind,fbrind3e@blogs.com,0 David Lane
26e6750f-1374-42b9-8a90-79e5e19f36c3,Mellisa,Lofty,mlofty3f@hao123.com,6137 Hovde Hill
88020c31-2085-4332-8bcc-13252ba98397,Bill,Oleksiak,boleksiak3g@ucoz.com,95 Carey Terrace
7ff1b665-48e6-4853-9ea2-cf0eee20e267,Mylo,Stollwerck,mstollwerck3h@seesaa.net,62927 Talisman Drive
87c85731-5318-41be-b4d0-511d982a8c5f,Archaimbaud,O'Loinn,aoloinn3i@wired.com,3339 Oak Valley Place
3625454b-3a80-4a20-84a4-45f03666a978,Jerrylee,Towers,jtowers3j@wiley.com,86 High Crossing Place
1171e259-bffd-4b88-bf09-f72ef1ac798f,Danika,Stede,dstede3k@springer.com,8722 Tennyson Lane
a2c49b77-47fb-46b5-ae2d-93878c848808,Marthena,Battram,mbattram3l@opensource.org,32276 Orin Drive
e59f3154-9065-43ab-bec3-7893eb1f1ff6,Sydelle,Donalson,sdonalson3m@stumbleupon.com,943 Sage Way
2b1c8007-9ee8-4b79-844e-18c24554fb07,Madonna,Binford,mbinford3n@stanford.edu,069 Farragut Center
45afe698-ee61-43ce-b4fa-77650cc262b4,Jillane,Reyburn,jreyburn3o@eventbrite.com,431 Doe Crossing Road
bbfb3e47-ef16-4e93-8394-662563513031,Jeanna,Rubenczyk,jrubenczyk3p@imgur.com,36 Ridge Oak Crossing
6897a0f6-a94a-486e-981e-9e6c546269f8,Lotta,Honywill,lhonywill3q@google.com.au,657 Forest Dale Way
9ed16257-1f4d-4674-bd9f-8ae4b5d03d31,Consuela,Losty,closty3r@pagesperso-orange.fr,2326 Sundown Point
e9b9e08e-58f8-4250-8dab-e2b01df25f12,Carmela,East,ceast3s@dailymotion.com,2 Meadow Valley Park
321d9421-ee8d-4d8b-a584-86db20235126,Tristan,Tyrwhitt,ttyrwhitt3t@mtv.com,539 International Parkway
8f283088-ef19-427e-8423-d1cb7be31caa,Kermie,Albrecht,kalbrecht3u@ucoz.com,4 Kim Place
961cf717-1666-472a-a147-d4c2fd3aa7f8,Deb,Zannuto,dzannuto3v@alexa.com,3159 Grasskamp Circle
91ae5a7b-f9ed-41ac-a2d8-f30cb79b50a7,Kelley,Freathy,kfreathy3w@google.pl,89945 Messerschmidt Park
afc94b92-11b1-4c6e-9a65-a15098844be8,Silvanus,Pirelli,spirelli3x@umn.edu,3 Evergreen Circle
4ce7a7c2-eccb-491a-b8f2-6dcfe0873d24,Kameko,Thonason,kthonason3y@wikispaces.com,6 Maryland Court
7a10b398-5775-40e2-aa1a-22e36a62bb5b,Evita,Sherrum,esherrum3z@ustream.tv,75456 Boyd Terrace
47f90627-cba7-40cc-8da5-6fe490c09cbc,Ruperta,Chatwin,rchatwin40@qq.com,8 Basil Pass
84f76304-0946-4e06-91f0-a926788afb77,Cecilla,Le Ball,cleball41@sina.com.cn,316 Dapin Way
8d6a6a3d-61be-4c70-ab21-5c3062bba29a,Selby,Housiaux,shousiaux42@cafepress.com,7937 Caliangt Plaza
11ccf085-b273-479a-8e9c-db04e07a11de,Ofella,Gresch,ogresch43@ox.ac.uk,16434 Fremont Road
be3d6951-a5a3-4264-a757-f75028902523,Thorin,Shemmin,tshemmin44@ameblo.jp,9 Orin Way
69cf8948-0440-4235-8cc4-c9205d1a6132,Cathi,Berk,cberk45@quantcast.com,81 Tomscot Way
11cd1697-33ff-4bd4-9f91-da66c8ab1e84,Jaimie,Woolaston,jwoolaston46@paypal.com,7 Bobwhite Pass
e61fdd38-e970-4792-a477-67a16811ff78,Gilberte,Kuhne,gkuhne47@howstuffworks.com,11153 Lake View Trail
cebdcc3e-791f-4e81-9e33-623195f0224d,Vonni,Leigh,vleigh48@google.com.br,4 Columbus Plaza
0ca81f89-cce6-4fc7-8213-d25ac81fa690,Bessy,Pickup,bpickup49@soup.io,5103 Moulton Circle
2dcc709c-6296-43fa-8ed0-463fe042f8bb,Trenna,Dunhill,tdunhill4a@mapy.cz,22 Burning Wood Road
ef09351c-f0e9-4800-811c-eff98c425d2a,Kylynn,Hans,khans4b@google.es,098 Oakridge Trail
59720a0a-2414-4b13-9aeb-d1605221fd4c,Lamar,Milne,lmilne4c@zdnet.com,4 Graedel Place
ce350f98-16a4-4d95-9108-09e053f441a7,Zoe,Inns,zinns4d@stanford.edu,7 Kings Point
5e1f56d1-6d86-44a8-99af-118bde142217,Brittney,Corner,bcorner4e@nytimes.com,779 Dottie Avenue
4ff5325b-d39c-4b37-a4e0-041756476293,Errick,Baldwin,ebaldwin4f@statcounter.com,85959 Lerdahl Circle
30137e3b-502d-4f49-8cc4-52184739f8e9,Ardath,Threadkell,athreadkell4g@digg.com,960 Porter Terrace
8b12a9ad-33aa-4b42-9883-8baf81bd8ae4,Brod,Phillipp,bphillipp4h@vinaora.com,03252 Anthes Place
018fdf9e-d465-4681-9c4e-86acfee236b3,Jacklin,Arrow,jarrow4i@storify.com,0394 Blaine Point
4d0a3dc4-524b-4ca7-860c-81ddd2dcd126,Garland,Darley,gdarley4j@reverbnation.com,96869 Mesta Hill
b2e6c183-6853-48ee-a6d9-d7e2f40216c3,Carla,Jeanenet,cjeanenet4k@woothemes.com,5 Summer Ridge Terrace
ddd4ee87-af6c-4382-a7bc-7c529cd058ee,Kary,Beckhouse,kbeckhouse4l@kickstarter.com,6 Sloan Street
df41ffce-1a18-44a6-b9f5-506da47857fb,Alberta,Scutter,ascutter4m@gnu.org,54989 Vernon Avenue
8d4fe6a3-348d-4071-b4a9-e40e00b517fc,Sidnee,Tatterton,statterton4n@hatena.ne.jp,24235 Lakewood Gardens Pass
bead28bf-d082-46fa-a66c-9798e9cdb35b,Josiah,Salvage,jsalvage4o@disqus.com,151 Clemons Lane
6f92a565-3560-41a4-bb3a-cbbd2c6909cf,Cole,Bon,cbon4p@wordpress.org,03 Veith Place
abc91020-0f17-4f57-9076-e8d5d161a357,Marice,Grieve,mgrieve4q@weebly.com,66 Tennyson Way
e75fbee0-9e55-4f95-86b3-d91a6565d53f,Erasmus,Aston,easton4r@oaic.gov.au,00 Clove Street
b33a84a1-52cb-446f-95c3-776b1e275ca4,Jim,Eastwell,jeastwell4s@sciencedaily.com,71 Washington Crossing
7f2f32a8-0266-4d7f-ad5e-b31a4859621c,Vite,O' Liddy,voliddy4t@jugem.jp,4 Maryland Court
38ac44e8-9c3d-4bfd-b83d-310938710790,Rosette,Conibere,rconibere4u@issuu.com,773 Warner Center
9b4660c6-4010-46eb-a53e-9eadd08bbcc6,Sammie,Coats,scoats4v@slideshare.net,2290 Veith Alley
e3c4655b-79ac-4959-8852-e83c2111b03b,Fanny,Thomen,fthomen4w@hc360.com,2359 Florence Center
24b7ad26-6b94-4c65-a462-9c10a4a2f56d,Beaufort,Terrazzo,bterrazzo4x@economist.com,0225 Onsgard Court
7b1bba8d-8be0-424f-bfad-734e16b1e532,Biddy,Dissman,bdissman4y@fastcompany.com,6586 Glendale Lane
aa38b08c-1299-4619-a5f8-adbd9b9bf320,Antonietta,Leyband,aleyband4z@cnbc.com,09 Dexter Pass
924dd1ec-d37d-464e-bd43-24a3c2629f93,Kayne,Kupka,kkupka50@slashdot.org,4 Spohn Court
41d56cd0-6712-48aa-a4e1-88a3676b8ee1,Robinette,Steanyng,rsteanyng51@prweb.com,281 Blackbird Way
b58061ab-6c92-4805-a53f-eb2f449d9882,Dara,Skoggins,dskoggins52@ow.ly,95 Bultman Avenue
27582137-c479-4e2c-874e-3fda0d85bd43,Eddie,Arton,earton53@opera.com,164 Butternut Hill
c8d7cdef-2044-4c48-b22c-691f9fe3bbf7,Witty,Foffano,wfoffano54@altervista.org,73671 Thackeray Avenue
57be3fc9-7ad4-4850-8039-803f4d7bbccd,Seana,Peak,speak55@spiegel.de,57068 Golf View Trail
b5ce51ff-9f8c-41c6-b695-4c669373ccb2,Marna,Shemming,mshemming56@cyberchimps.com,76 Pearson Alley
7a4970f8-27b4-4b87-bb6e-0b88205ecb27,Mellisa,Howatt,mhowatt57@cargocollective.com,2 Vahlen Drive
63b0a306-6ebf-4b6c-98a0-c0ece3736f46,Deedee,McGhee,dmcghee58@hud.gov,87 Kedzie Circle
09f03185-2bf0-4810-b8d6-5bd282bafaee,Jorge,Loades,jloades59@home.pl,54 Lien Alley
f3a492d2-106b-400f-9ec5-4b08bca2a316,De witt,Harrild,dharrild5a@de.vu,07027 Green Alley
6324fe62-a7ea-44d3-ad1b-134e12002292,Craggy,Rouke,crouke5b@newsvine.com,77 Bunker Hill Plaza
1dfb1ea5-f49d-4b2b-bb54-9e351207483e,Andras,Casado,acasado5c@bandcamp.com,93 Briar Crest Way
4f958fa8-0b1d-43c4-8e6e-edd068ac49cf,Ailene,D'Costa,adcosta5d@fda.gov,2934 Orin Point
d57fb5a1-3713-4e60-9ef2-0d52907c7196,Pam,Keates,pkeates5e@google.co.jp,1517 Derek Way
164f86d3-30d7-4aec-9817-2cf2053bb637,Essy,Helwig,ehelwig5f@theatlantic.com,6903 Dottie Place
45ae22d1-1be8-4053-93af-b8db25442ef8,Michel,Stirrup,mstirrup5g@wordpress.org,266 Drewry Drive
84a97a54-46e6-4032-b09d-8f11576e386f,Anette,Storch,astorch5h@mail.ru,5059 Cascade Point
5aa9ac02-2185-4213-8c80-824e73b6de99,Baily,Hymus,bhymus5i@blogger.com,5089 John Wall Drive
6a2c0302-f028-438f-825c-cae8850fc9a4,Bartholemy,Ollett,bollett5j@tmall.com,281 Scoville Hill
76a1c7a9-60f4-43f2-85e3-95109b55b228,Noemi,Meddick,nmeddick5k@spiegel.de,2 Bultman Road
29b70175-92ed-4e2f-9957-1711a7f40c64,Elwood,Flemyng,eflemyng5l@oracle.com,85 Forest Dale Street
1469aa8e-9795-4f9e-bdf2-3aec3bfa3227,Gunilla,Oxborough,goxborough5m@nydailynews.com,1627 Manufacturers Pass
9752d582-71c1-4c72-9186-86fdef354c4c,Aurelia,Dibden,adibden5n@tripadvisor.com,643 Mallory Court
81a5d4c2-0322-449a-a83c-029280b8006c,Robbi,Addenbrooke,raddenbrooke5o@yelp.com,68244 High Crossing Junction
a79e5fb7-24a1-49a0-bb3b-7dbd5cff70cb,Mellicent,Vedenichev,mvedenichev5p@washingtonpost.com,9261 Laurel Road
51ccc5f2-527e-4a82-bb98-a9a56eaaf9f5,Forrester,Camolli,fcamolli5q@globo.com,878 High Crossing Street
b7678400-ebe5-4663-9eea-829a36f42b25,Tony,Withams,twithams5r@amazonaws.com,67725 Northview Terrace
2fd1984b-d9c1-4a9a-826b-1584369dc7ba,Josias,Tomczykowski,jtomczykowski5s@hugedomains.com,2423 Pepper Wood Place
301f97d0-4f9f-4101-81b9-1af968408d68,Giorgia,Rolstone,grolstone5t@topsy.com,599 West Trail
1e04827a-0224-4285-b279-4d1b869e46e8,Delphine,Curness,dcurness5u@businessweek.com,79 Hovde Terrace
e05fcb1f-657d-4e08-9973-2777ad88d6b9,Smith,Gabits,sgabits5v@dot.gov,1733 Oriole Pass
96127949-b2d4-4ab3-a063-4b07642f8edd,Hammad,Crittal,hcrittal5w@gmpg.org,9 Meadow Valley Place
cb97939e-2465-4f98-9bff-989609741e91,Lucille,Brasener,lbrasener5x@psu.edu,5 Acker Way
aa8bdebb-7e41-4abf-85d2-e8a505d0b7b0,Ilka,Hoffman,ihoffman5y@google.com,7062 Eastwood Road
531582aa-fa7b-4a0b-988f-8b5e3a652a3a,Derk,Simenot,dsimenot5z@smugmug.com,80 Holmberg Trail
c2a25fe8-5005-4280-8479-39d6279875c7,Scarlett,Ashbey,sashbey60@php.net,20 Buhler Circle
d390ccf0-589a-4113-802c-fb96b6b7237a,Cameron,Mansel,cmansel61@multiply.com,5731 Magdeline Plaza
ddfa5544-5141-4dd0-bf58-29c8868f25c2,Dwayne,Aleksandrev,daleksandrev62@patch.com,05923 Hayes Lane
82f319ec-339d-45a5-8e56-4fb4459a4243,Daffi,Phythean,dphythean63@cargocollective.com,68458 Gateway Lane
f2a671e1-aa58-40c7-8012-5bc32e3652dc,Vaughn,Shorbrook,vshorbrook64@slashdot.org,92 Fisk Center
2b219e0f-b108-4106-9f9e-c3bbfb338a20,Ruperta,Blonden,rblonden65@vistaprint.com,22121 Straubel Point
b3557468-f7a5-496b-aa29-2c45703045d5,Celestina,Stalf,cstalf66@stanford.edu,2 Hintze Way
039234a3-12f5-4715-9fed-4ae39f346c99,Raven,Maseyk,rmaseyk67@fda.gov,5 Sachs Pass
c11228b6-d764-499e-8182-d43e571f77b8,Fielding,Devinn,fdevinn68@geocities.com,404 Lillian Alley
68754ee2-8094-4abe-b1bb-ec8d29162d1e,Ezri,Montrose,emontrose69@livejournal.com,37242 Arrowood Place
639eb480-b2ab-46ff-8b8a-7c33d44cbdab,Ermentrude,Ricson,ericson6a@time.com,74 Jana Circle
7d344058-6d1e-45ae-bc03-c2545a7e1074,Roseline,Bickerstaffe,rbickerstaffe6b@ibm.com,1523 Swallow Crossing
105eccf8-6d0c-4f5c-8622-fec7b66eb545,Lulita,Faulder,lfaulder6c@yahoo.com,9798 Calypso Parkway
057e6280-6618-4b95-b238-462d30b7aea3,Sigismondo,Andriss,sandriss6d@symantec.com,16 Namekagon Trail
58860027-72db-4251-874b-ab0bfe54f509,Alla,Storcke,astorcke6e@soundcloud.com,4790 Oakridge Lane
f7bc616b-8cae-4f3b-b3df-9202286fc7f4,Imelda,Hawley,ihawley6f@netvibes.com,648 Mockingbird Pass
84fe9484-3c21-471d-855f-ebeb21cfa342,Culley,Mephan,cmephan6g@fc2.com,4 Chinook Junction
b4c577c2-017f-4722-847f-28e5fa50ba39,Sloan,Drewitt,sdrewitt6h@umich.edu,15 Gina Street
d190437e-4b1e-4e7f-ba81-5a83b776c234,Harlan,Almon,halmon6i@omniture.com,98 Larry Crossing
62b63653-b6da-4747-93cc-6b0d1e099148,Rourke,Deveril,rdeveril6j@buzzfeed.com,1844 Garrison Parkway
ca24e14f-674d-4a62-a60c-5b7db0ae3496,Wynnie,Bannard,wbannard6k@1und1.de,89701 Caliangt Junction
458a5d3b-0781-4bb4-8e07-a92e57e456b9,Kenneth,Hadlington,khadlington6l@biglobe.ne.jp,5 Stuart Road
b2f0d356-b2be-4372-8e21-6b3782b46637,Rollie,O'Brallaghan,robrallaghan6m@skype.com,98 Myrtle Plaza
dacfa75d-9663-45e4-ae5f-e97b5c977527,Annie,Ducham,aducham6n@economist.com,6721 Thackeray Terrace
4436d516-0c40-4cef-9da6-3fd83cd9a6fa,Miquela,Rangell,mrangell6o@booking.com,0 Valley Edge Avenue
33bdfaae-88a6-45ea-b8c7-edd012138856,Mirabella,Westfield,mwestfield6p@facebook.com,1 Farmco Alley
7529e7fb-eac4-48cc-a53f-01d840bc13f8,Tobe,Habin,thabin6q@gmpg.org,08473 Pond Plaza
b9ff85b7-f69f-4f2e-8ae2-feb7fdeed7e9,Conn,Rasell,crasell6r@networkadvertising.org,360 Clove Park
3042d09b-141e-4bd3-952c-a1970d276f5a,Roselin,Ashpole,rashpole6s@amazon.co.uk,941 Vidon Center
0aa5594a-e34c-4f56-b65d-77bbf6a3d15e,Janessa,Kelberman,jkelberman6t@mapquest.com,984 Rigney Trail
578821ff-39d3-4e27-b641-a2eb405613ea,Debera,Topling,dtopling6u@wordpress.com,9 Almo Crossing
17a38dfb-31ec-4cc2-ad3f-c59e2581de97,Guillermo,Samudio,gsamudio6v@fastcompany.com,462 Luster Circle
c1f8bd2c-92c7-497b-8b04-9730968bbe47,Esma,Berrey,eberrey6w@51.la,3 Union Crossing
443ad71f-4252-44b8-933b-2a934461726d,Cyndy,Kellett,ckellett6x@amazon.co.jp,3 Cardinal Drive
c0572514-b5cc-45b9-ac22-54ccc1021750,Adrianne,Chieze,achieze6y@ocn.ne.jp,2 Sutteridge Court
a5085e58-9b6e-48e7-a44d-c01c1c48edf5,Dorita,Buntin,dbuntin6z@unblog.fr,95905 Loftsgordon Lane
a843c9ac-8723-4d39-b062-8ad944e666ba,Hollyanne,Archer,harcher70@pbs.org,3 High Crossing Lane
54c9e319-e7c3-4f6a-b84a-6927ec188a09,Ty,Madgett,tmadgett71@usda.gov,344 Memorial Center
428e2339-d3bc-4028-9f45-e471f05ddab0,Naoma,Bourdis,nbourdis72@miitbeian.gov.cn,577 Texas Hill
6e880024-85bf-42f1-b5dd-5c47c64bf14a,Laurie,McGrah,lmcgrah73@earthlink.net,3 Clarendon Point
f6bbf72d-e7f5-4d27-b068-1ee52d3200e6,Hallie,Ledeker,hledeker74@huffingtonpost.com,8260 Center Place
cb22ca4d-5262-4493-b073-c75d9cca682b,Electra,Morrow,emorrow75@netscape.com,26246 Grayhawk Junction
8cb04333-468e-4c58-8a80-b1b71aa7d600,Nikkie,Lanaway,nlanaway76@apple.com,02275 Myrtle Lane
8f3b52e8-27ae-4125-80e1-53cc418f5178,Louis,Steer,lsteer77@amazon.co.jp,1243 Mccormick Way
aef04785-2e06-4e2c-952e-992ccfbf6722,Hallie,Langfield,hlangfield78@bing.com,61421 Main Avenue
17f645aa-7bd6-42a8-be89-5dc1a010ab73,Roarke,Batha,rbatha79@phpbb.com,128 Orin Hill
46daeefc-ee7f-40c0-8716-b89a9568410d,Hunt,Iorizzi,hiorizzi7a@free.fr,6 Norway Maple Parkway
60b2c52a-6615-48cc-a153-259ae4907ccf,Nedi,Fetherstone,nfetherstone7b@google.com,37 Eagan Alley
3a8a21c9-5090-4a00-a97e-43405c0468ff,Jamal,Ferenc,jferenc7c@sphinn.com,766 Thackeray Circle
fd9591b6-1fd0-49c6-8d0e-6a6b7b96cfee,Christina,Hallward,challward7d@seesaa.net,202 Continental Circle
4b928123-9e4c-43ce-a801-93a95aaf24b1,Cherianne,Baty,cbaty7e@google.pl,3 Carioca Drive
a2eeef9f-9eda-4b19-980e-4088ba5028b6,Armand,Stancer,astancer7f@bandcamp.com,3 Thierer Road
ac4477da-2853-4539-b726-1dba50b2c937,Leanora,Messager,lmessager7g@xing.com,9577 Toban Court
f3b05a08-045d-4cfa-80b4-ffe14f75a57d,Maryl,Wadlow,mwadlow7h@booking.com,8 Buell Alley
fb3a2661-9ce8-4635-b9f5-0c5b8b11fabb,Hewitt,Winpenny,hwinpenny7i@jugem.jp,39741 Pierstorff Street
dadb0275-1743-4b8b-9d0b-97b915483215,Emmy,Swinnard,eswinnard7j@nationalgeographic.com,9 Manitowish Court
ae52a052-f595-4a56-ab2c-54e37001f0b0,Ricky,Jobern,rjobern7k@tiny.cc,84439 Bartillon Point
f815a4be-a063-4fc7-ae65-9f33205431d9,Myrtia,Telford,mtelford7l@miitbeian.gov.cn,1328 Monument Circle
ac855df3-8798-4aa9-8e5c-c9234b3af93e,Patricia,Plante,pplante7m@last.fm,09 Buena Vista Circle
253cd59d-6d6d-4ebb-8f75-395c94e191e0,Layne,Molineux,lmolineux7n@creativecommons.org,58045 Mariners Cove Terrace
269fc5fc-2d2c-4549-84bd-b39cd7067bc8,Biddy,Elijah,belijah7o@google.fr,4702 Spohn Plaza
38b10ebe-e55a-4a93-893c-9c3777d4d468,Sybyl,Mayer,smayer7p@msu.edu,6231 4th Lane
405d278a-0ef5-4eeb-9123-b319c61a0ab8,Casper,Emmitt,cemmitt7q@jugem.jp,5 Gerald Terrace
e5c3c76b-f9a1-44f1-bb1a-193aefee4266,Merlina,Rawcliffe,mrawcliffe7r@addthis.com,2 Marcy Point
640de465-3023-4ed0-9e14-b53559c96125,Gerrilee,Matous,gmatous7s@ca.gov,05296 Twin Pines Way
4e91ef1b-6577-4ff1-82ab-3a82a2d2a87a,Ruttger,Puddephatt,rpuddephatt7t@ox.ac.uk,7 Melody Crossing
51bf7352-a561-4058-84cb-1a78d37cb1e2,Debora,Dawidsohn,ddawidsohn7u@nifty.com,5664 Lawn Drive
4f546697-aaa2-452a-bc5b-38c83a862d91,Pearce,Riveles,priveles7v@purevolume.com,8 Trailsway Terrace
44c94eb0-b386-4750-bf65-a8027dcc7a6f,Duane,Trevarthen,dtrevarthen7w@bravesites.com,51 Clemons Plaza
518e3ec4-d00a-49ab-a259-be09840372ca,Benny,Pankettman,bpankettman7x@nhs.uk,5 Johnson Alley
026687ae-26a7-48e5-ab02-ee28ac2722cd,Dwain,Fenwick,dfenwick7y@theglobeandmail.com,06 Longview Place
a62d1653-2402-4b25-b7b9-c230a5cdc95e,Bertie,Rumming,brumming7z@hc360.com,09 Kings Place
509bd17b-676f-44e1-a6b9-3ae0fea19799,Mickie,Coan,mcoan80@reference.com,703 Monterey Street
9a9a0c74-1a1b-4955-832e-ca1002bdf0d6,Barnaby,Esselen,besselen81@bizjournals.com,5 Veith Point
8b8bf6ad-49cb-4dc0-9ea1-59c596712c2b,Adi,Brocking,abrocking82@smh.com.au,6465 Ridge Oak Trail
f62073ae-e651-4c25-b566-a843a45b82b6,Maxie,Heinel,mheinel83@china.com.cn,95596 Raven Junction
071a70ce-3988-40ab-bc4b-8c086037f7c0,Arabele,McManus,amcmanus84@usnews.com,8977 Melby Circle
3faceb5b-7389-46d8-b884-f8160e685824,Langston,Excell,lexcell85@opensource.org,8864 Hanson Plaza
87e7d9b3-bbd6-4f7f-8c97-dd652cf27e0b,Philippe,MacPhail,pmacphail86@cpanel.net,856 Manley Junction
c07eb87a-8f9d-49ce-a20a-ec3339729027,Greg,Goghin,ggoghin87@tumblr.com,3 Birchwood Point
46d7bf08-feb1-46da-8560-f881e1638669,Zerk,Brookwell,zbrookwell88@cnbc.com,54122 Vidon Road
7ab3ea33-58a0-44f5-ac54-408c2b429329,Zechariah,Sessuns,zsessuns89@comcast.net,80536 Fremont Pass
a0f3c7cb-c4d2-4702-8a48-123bfc493072,Toddy,Cestard,tcestard8a@amazon.com,29413 Thierer Court
be4f1860-5aa1-4162-86c5-8bae4da3888a,Keen,Huston,khuston8b@ezinearticles.com,0738 Sugar Place
a2d80dcf-23e7-43b9-99e7-fa1e2affb8d0,Kate,Rigg,krigg8c@dmoz.org,4 Mockingbird Lane
9d215194-d213-405f-84a3-880ab701eb40,Rufe,Pycock,rpycock8d@live.com,6 Golden Leaf Way
746968c9-55ba-4ebe-b7d9-4836b65d18a5,Rockwell,Dalinder,rdalinder8e@geocities.jp,17 Alpine Junction
e455383a-185d-411d-9ace-fe303890dc78,Codi,Giffard,cgiffard8f@springer.com,3504 Rusk Court
fd161328-921c-4b93-9499-36ea7d0f7211,Casar,Geal,cgeal8g@salon.com,55 Mayer Road
8ff6c565-c8c7-482f-9d73-8ad69a120c07,Juli,Ridpath,jridpath8h@mac.com,77 Esch Court
f0cfbe63-8cfe-4d80-8d86-7d83d9686bec,Marshal,Kervin,mkervin8i@ebay.co.uk,9 Sutherland Street
d0fe05e7-2c6f-4f4c-a7dd-a8ead2186e2a,Jaquenetta,MacKaile,jmackaile8j@t-online.de,950 Warbler Lane
4b680394-5d54-400c-b20e-318b97273c98,Rosa,Erskine,rerskine8k@studiopress.com,51911 North Junction
8fb8dfe3-6a55-4890-a15c-23733a4eeccd,Spence,Senten,ssenten8l@census.gov,11 Charing Cross Circle
3fc28570-fc87-496a-8c26-7c58d586ef9f,Lurleen,Oldridge,loldridge8m@com.com,5 Mayfield Lane
9a30d3d3-1d58-412b-b100-3a0a52ba28b0,Bradney,Foskew,bfoskew8n@webnode.com,8144 Pond Way
ce10d6f3-8d80-4852-a461-ce1728b8e2e8,Itch,Elkington,ielkington8o@163.com,9 Mariners Cove Street
e164c0a9-0650-4439-85de-22325b125bf4,Patsy,Sange,psange8p@nature.com,094 Southridge Crossing
774ab399-b9f0-46fc-81ad-aa94a211e8a8,Evelina,Benettelli,ebenettelli8q@icq.com,60023 Vera Plaza
5f51d7b5-64a6-4492-84e2-7e58b0b74d3d,Heida,Battrick,hbattrick8r@dailymail.co.uk,4220 Starling Circle
2fb32b3a-30b1-4c6d-b7a7-318bcdbd82a6,Kyla,Foux,kfoux8s@mtv.com,30 Corben Court
cd09a909-dc08-4866-92bb-0fb381f17b1f,Elliott,Mosey,emosey8t@indiegogo.com,7020 Corscot Crossing
a24ccd3c-14aa-450e-b1f5-7d09d499760d,Anne-corinne,Bretelle,abretelle8u@sitemeter.com,3 Hovde Circle
5858d17b-e3d4-4b6e-bf31-8a4349e69223,Margret,Thwaites,mthwaites8v@gov.uk,17 Tony Terrace
54fe2dff-d796-46f3-8098-f7b2aaf1fbe0,Maryanne,Haney,mhaney8w@cnn.com,390 Hoffman Plaza
f04c3d79-0ac4-4282-9d79-c329402ee4de,Brandon,Goby,bgoby8x@desdev.cn,23 Arizona Court
55b2efa2-fb6d-4600-bcad-2ca6f0fcf6f9,Benedikt,Swinden,bswinden8y@who.int,6614 Hintze Circle
06293741-7173-45e6-a8ce-3ae727694998,Andris,Garrattley,agarrattley8z@clickbank.net,734 Blackbird Trail
fd78f70b-a1bf-4aef-9aff-f0941bcb2933,Hayden,Knapton,hknapton90@google.com.hk,48 Express Junction
86a30fef-abef-473b-861a-c1db437a53ea,Hillel,Blues,hblues91@1und1.de,19564 1st Parkway
15770776-76fb-4ceb-bef2-0d0711f3b2d5,Krishnah,Adams,kadams92@ustream.tv,7 Hoffman Parkway
9bf44729-38a3-41f2-9952-4419378ff59d,Sadye,Mauchline,smauchline93@uol.com.br,00 John Wall Street
ab1d01dc-7e6f-4659-971a-38e1a2dd877b,Bernadina,Matherson,bmatherson94@blogtalkradio.com,61 1st Lane
7212bb38-36a0-45a1-b6e3-4fbaa22c6822,Wallie,Witz,wwitz95@posterous.com,9613 Shoshone Park
4641c347-8049-41b1-b61f-f080a2d33b53,Jennee,McVicar,jmcvicar96@aboutads.info,3529 5th Park
50991793-92be-44a7-bea6-b02dcb6df8be,Willyt,Pontain,wpontain97@comcast.net,46 Grasskamp Street
d9d6b828-8402-4af4-be29-e3dadedd5bfa,Jae,Johnsey,jjohnsey98@jalbum.net,2097 Nancy Way
120e3842-700c-4837-a2a1-249619d6b53d,Deidre,Treagus,dtreagus99@dyndns.org,19538 Susan Junction
dd402537-bdd2-4fc0-831f-ac451a744a97,Ripley,Cutsforth,rcutsforth9a@fc2.com,855 Buena Vista Crossing
5e54d747-4f8e-43eb-8db3-6b40018bce49,Matthew,Beetham,mbeetham9b@slashdot.org,93 Miller Plaza
9aef7b2c-22af-407c-8023-768ace9bca75,Berk,D'Angeli,bdangeli9c@pagesperso-orange.fr,8 Heath Parkway
7664925b-9770-45e7-b752-20407e2fb50a,Ketty,Beglin,kbeglin9d@stumbleupon.com,40006 Sherman Place
bc705e69-6ae2-4370-a26e-c639d5e9e036,Adolphe,Vinas,avinas9e@biblegateway.com,835 Mitchell Trail
996fcdf0-9770-4054-8f6c-23852a103126,Trumann,Ogborne,togborne9f@ox.ac.uk,50 Moose Way
22889513-d85e-4adf-a234-77db52702354,Staci,D'Antoni,sdantoni9g@wikipedia.org,353 Eliot Crossing
a30c06a8-2e16-47cf-9e52-1621c51a904f,Frasquito,Banthorpe,fbanthorpe9h@foxnews.com,53 Anhalt Plaza
268e8db7-ee8d-494a-9fac-99dda93a0c95,Monti,Piscopo,mpiscopo9i@i2i.jp,3 Huxley Court
5bb30795-d0e7-4361-bcfa-09d1e37ca3ea,Bettine,Archell,barchell9j@comsenz.com,7 Oak Avenue
76237994-315c-4448-9be4-b668ee753e10,Willi,Pulteneye,wpulteneye9k@aol.com,7955 Southridge Parkway
e7a15c11-63d6-4783-8aa8-546a35ed73f0,Josephine,Ostrich,jostrich9l@cyberchimps.com,80213 Portage Point
03000e2e-0327-419c-be97-0a6d461d252f,Osbourn,Enderlein,oenderlein9m@simplemachines.org,0 Nancy Avenue
989de752-30b1-48e3-9d81-0ee6b970f17e,Andreana,Dunridge,adunridge9n@netlog.com,0579 Summer Ridge Drive
045ad11a-bd93-427b-a542-baa8f5e01967,Eolanda,Pulley,epulley9o@4shared.com,75809 Ridgeway Plaza
d756e28d-05e2-475a-887b-d4f0618f703a,Katuscha,Obbard,kobbard9p@ezinearticles.com,89 Debs Hill
2228ff45-f152-4dc6-a1d1-5da4ba3ba20c,Arvie,McCotter,amccotter9q@samsung.com,90 Calypso Place
a363aefb-1664-4b4b-8472-0365f67438de,Ulrike,Strother,ustrother9r@gravatar.com,0385 Mccormick Center
569636ca-5938-4eac-84a9-ce3c37d4a5a8,Tabatha,Bumpas,tbumpas9s@51.la,896 Sullivan Plaza
16de7b4f-7e8c-4527-8d87-e1a08e69d7b8,Jozef,Eddleston,jeddleston9t@rediff.com,4 Clemons Junction
382899ee-0400-4bbc-aaa8-32b3be23e31b,Kalindi,De Bruijn,kdebruijn9u@ycombinator.com,2245 Hallows Drive
afbbe242-0520-4a99-bff3-0132b5e9fcd9,Jamil,Edelston,jedelston9v@desdev.cn,78775 Stuart Parkway
5759e628-0e5a-414c-9956-7a7b10239494,Kat,Petrelluzzi,kpetrelluzzi9w@vistaprint.com,774 Heffernan Lane
759c5978-50fc-4b42-8e3c-7cc996ae1883,Grantham,Probbin,gprobbin9x@wikia.com,90 Helena Crossing
9fce5d6b-4827-491a-9816-83179d888f70,Cherin,Luchetti,cluchetti9y@businesswire.com,28 Crownhardt Plaza
f37e3918-666e-47d4-a8f6-27f12068b1e1,Carrie,Duinbleton,cduinbleton9z@usa.gov,534 Anthes Lane
059fc436-525a-432c-b4ee-a4d1a7dadcc6,Jessa,Pinnere,jpinnerea0@hc360.com,16793 Scoville Point
320b0b59-087d-4dbd-b756-089bf95534c1,Lissie,Kunisch,lkunischa1@google.ca,59 Armistice Lane
2071caec-9d07-4bfd-8e91-e48cace881f6,Avrit,Beck,abecka2@pinterest.com,0374 Golf View Parkway
5fdde349-0923-40a3-9b4b-93d81d69e5e5,Emory,Capinetti,ecapinettia3@army.mil,7 Carberry Trail
b6c489db-2a8d-464c-b2d6-eb8f46f69a35,Deina,Saffe,dsaffea4@booking.com,9263 Summerview Court
4dfedd87-eb11-4314-b9b0-0bd5c4e0d8a6,Darn,Goldstein,dgoldsteina5@examiner.com,86 Debra Pass
83912c32-5f3b-4ab0-a308-1dad6829c28f,Gael,Sheach,gsheacha6@constantcontact.com,518 Glendale Hill
c7c0be5f-987b-4557-9151-6ccfeede777c,Nanny,Fretter,nfrettera7@phoca.cz,1 Golden Leaf Crossing
2b0e1610-11ed-44c6-8dda-3641712e6f7d,Winne,Witnall,wwitnalla8@weibo.com,79325 Manitowish Way
8dcfe089-1b13-41b0-8ee7-3288445e50c9,Aldous,Redihough,aredihougha9@list-manage.com,2 Starling Way
37208176-8c8f-4fda-8e53-228bb4428821,Genna,Gaven,ggavenaa@dell.com,5562 Holy Cross Alley
c7508c3e-0a29-4b27-8e55-b14bc3d1d5ab,Fanny,Fairhead,ffairheadab@deliciousdays.com,294 Banding Park
7c12c4b5-3f9a-4e7b-a60c-e50c37e9bcb8,Hamilton,Carman,hcarmanac@archive.org,2 Montana Center
47d72433-e8cd-4ace-8bbe-486d31b8c2cc,Cody,Keepin,ckeepinad@mashable.com,856 Mariners Cove Crossing
033024fc-edc4-4236-ada9-b264c214a52f,Lilyan,Hopfner,lhopfnerae@ebay.com,42 Vidon Circle
bfe0cf5b-dad4-4d20-a869-b905df880c6b,Farlee,Rizzo,frizzoaf@bizjournals.com,2 Magdeline Alley
7c8a6f3e-3867-4686-bc65-bb6310ceb10b,Silas,Cristobal,scristobalag@shinystat.com,66 Bashford Parkway
cb101a1a-0336-484d-bc38-d344d2926fa6,Brittani,Knifton,bkniftonah@soundcloud.com,40 Esker Crossing
d8761224-fc2c-427d-93cd-11793377d761,Linnell,Mingay,lmingayai@intel.com,535 Graedel Court
735b8a35-5a6d-44ae-8bf4-803f3a572dbb,Roma,Treasure,rtreasureaj@dyndns.org,60 Erie Crossing
6cb10cdb-a747-46a3-80f7-93047a6085f4,Dixie,Rands,drandsak@nature.com,399 Longview Road
8264e8bf-6d15-486e-96fb-07190cc517e5,Malory,Wadwell,mwadwellal@weebly.com,28431 Upham Street
36bf2e2d-69c9-4daa-b702-a68b6f44809c,Kenon,Danson,kdansonam@zdnet.com,58958 Donald Parkway
ba84fb83-6461-4285-974a-a09c8b38ffe5,Caldwell,Colam,ccolaman@who.int,04951 Village Court
ba32329c-8464-4850-a17c-38d291486176,Floyd,MacAllester,fmacallesterao@nhs.uk,6410 Village Place
5cc9995c-fd7b-4bca-a287-44b882e8b5e6,Griffy,Onion,gonionap@mozilla.org,430 Dennis Center
f931e5d5-dd9d-4536-9b5b-ffe7c48b9127,Rosmunda,Swadlin,rswadlinaq@arstechnica.com,8 Drewry Parkway
ef23a292-6902-4b75-bfbd-111d88b7a05a,Ermengarde,Alans,ealansar@bizjournals.com,54 Morrow Parkway
60269934-5373-486d-999c-e80e1d0b404a,Merell,Newstead,mnewsteadas@dell.com,95369 Northridge Crossing
84063759-c708-48b4-a201-954e35970955,Germain,Sumpter,gsumpterat@microsoft.com,7 Hoepker Way
8a34bd5a-72d8-4e43-a794-b8fd4b38270c,Malchy,Braid,mbraidau@answers.com,6577 Blackbird Hill
39a80679-2272-44aa-81a5-f42a5149b6f3,Edward,Tellenbrok,etellenbrokav@google.com.au,41814 Dexter Street
5d292dd3-d0e3-42a4-87ea-875913f6aef7,Babs,Bakesef,bbakesefaw@eventbrite.com,408 Ridgeview Court
29825e4e-2fd5-430a-b8e8-572fc987453c,Codi,McGennis,cmcgennisax@oakley.com,7971 Colorado Parkway
acbcc718-7cda-4ccc-83a1-5fe9b0268fca,Pris,Seacombe,pseacombeay@about.com,8 Badeau Hill
3276efe8-b1e6-4606-b431-b27b561e26ae,Goldi,Saddleton,gsaddletonaz@engadget.com,0522 Moland Avenue
41b1c12c-4f9b-43ac-89cc-a09820bc0330,Mavis,De Andreis,mdeandreisb0@wix.com,357 Kenwood Point
ecea9f8a-963f-4ed5-9169-478ecda6d955,Florri,Henkmann,fhenkmannb1@oakley.com,098 Katie Court
37ee7243-40ad-4955-84b1-13d8ec80ba74,Grace,Siman,gsimanb2@seesaa.net,7699 South Avenue
86d94c24-a30f-4d00-afd4-1530cfc02cd7,Rachelle,de Wilde,rdewildeb3@harvard.edu,40 Novick Place
6f15e131-752f-4909-88aa-9ef7e9d52583,Calv,Eagleston,ceaglestonb4@cocolog-nifty.com,255 Clyde Gallagher Trail
89e5dac7-5b41-44fd-8daf-e39c9ba0d82c,Lorry,Elegood,lelegoodb5@google.fr,098 Crest Line Court
225c7f89-f0d1-4a6a-96ae-c39b3a1bb038,Elayne,McKeowon,emckeowonb6@vinaora.com,2081 Delladonna Crossing
12f7abe2-8dd1-4694-8454-d7a5780a8013,Augie,Couch,acouchb7@comsenz.com,4313 Ronald Regan Drive
55d7a01c-d561-430f-8e70-a6389f98f9c3,Christophorus,O'Hagan,cohaganb8@sciencedaily.com,683 Ramsey Park
419dfdbb-3567-4036-9df1-5a03ccd9d92a,Lyndsey,Cammidge,lcammidgeb9@freewebs.com,4579 Logan Lane
8c628444-42a3-4af8-a7bf-c3e1891ba50c,Joseito,Grealish,jgrealishba@dell.com,03 Scott Junction
d7455c18-7266-4fe7-89ce-ea537a0500e7,Herb,Patchett,hpatchettbb@nba.com,31 Swallow Avenue
464777e8-8705-4c55-ac32-4593db07c072,Alain,Elt,aeltbc@imdb.com,74 Montana Center
d6f1aa16-5177-4617-be9d-5e35c38b0d9f,Madelle,Slight,mslightbd@fotki.com,880 Crowley Plaza
9fb67033-e015-4a07-a42f-f43547f0c9c2,Lilas,De Lascy,ldelascybe@stumbleupon.com,2 Transport Street
a0024a6c-bb91-4640-8b2c-e8358664dcda,Cristy,Ost,costbf@gnu.org,7 Goodland Crossing
4ba2ac1b-21f0-428a-bbcb-8ddd8e528bb8,Olive,Craft,ocraftbg@t.co,99023 Londonderry Drive
7e73f59b-c6ea-4bac-8642-13e01a021ecf,Fraze,Figger,ffiggerbh@techcrunch.com,9 6th Junction
a4f2d5cb-40ed-4808-8b9c-c7749580617d,Dallas,Ritchley,dritchleybi@mashable.com,3 Mandrake Junction
8c793f3f-9488-431f-95c7-186e7812a26d,Bordy,Portwain,bportwainbj@dailymotion.com,4 Tony Drive
47475f47-80fc-4c1e-948d-0f4cb752ae84,Trumann,Vamplus,tvamplusbk@rakuten.co.jp,60 Dexter Junction
07e7fbac-c58b-4cec-822b-5147ee4a97bd,Emily,Commucci,ecommuccibl@elpais.com,784 Granby Parkway
e5885fa6-dacc-40e0-a64a-1a75c1ec9ae8,Adelbert,McCrystal,amccrystalbm@taobao.com,47 Clemons Pass
c805b182-4cc5-42df-b05e-c5b469c1a9ae,Herby,Gottschalk,hgottschalkbn@thetimes.co.uk,34 Tennyson Way
aa03d306-e89d-4e47-915b-773ceab153b5,Kevon,Baal,kbaalbo@mashable.com,656 Packers Pass
c78a5572-5a78-44c7-817f-90a4b8ca81bf,Lorraine,Skerm,lskermbp@apache.org,79270 Straubel Way
f7711e2a-71e6-4bc8-92bb-e8c541803e4d,Vivia,Sporgeon,vsporgeonbq@google.es,96853 Grover Circle
9d63f41b-e905-4812-95a2-1e4d69e75813,Guenna,Woller,gwollerbr@mapquest.com,0236 Nova Place
787224ef-73f1-4bed-a101-453f4942d117,Shela,Eversley,seversleybs@accuweather.com,58151 Graceland Court
2a7fda22-bc50-40b0-9899-dcee4d6b8887,Ellary,Bonicelli,ebonicellibt@wikispaces.com,944 Springview Drive
fe211f29-e9af-45ae-a7cf-b2cc250c7541,Jori,Hughs,jhughsbu@omniture.com,20 Loomis Pass
5d37414c-b845-42e0-aff1-001bf66f0e1f,Caddric,Kenshole,ckensholebv@miitbeian.gov.cn,618 Summerview Street
e5d7929e-8dfb-45dd-be1c-065f02d26b40,Hestia,Abbets,habbetsbw@slideshare.net,98061 Holmberg Terrace
2effd64f-a869-4bb6-9198-bcd1315b5ae2,Jacobo,Laurentin,jlaurentinbx@rakuten.co.jp,981 Hazelcrest Road
b40873ab-3075-4e15-8e39-b967a73051be,Barbette,Bosward,bboswardby@wikipedia.org,157 Morningstar Trail
b7bc1263-8d8c-4a2a-a7a3-fdee729d2c6c,Caria,Redmile,credmilebz@histats.com,2 Mifflin Hill
a8f1937d-c73e-4e0f-85d3-be94aa0c5c00,Brittani,Douche,bdouchec0@infoseek.co.jp,679 Ramsey Center
3dc8e48f-fb5e-4f04-8150-eb0c3e8517c6,Cicily,Whiskerd,cwhiskerdc1@wunderground.com,57 Main Hill
5067e5f2-af65-4def-afa2-6699844d9bea,Dedra,Swetland,dswetlandc2@ucsd.edu,40268 Crest Line Point
0dc8e629-6227-42a7-a6d3-f0ef959d31ab,Aubrie,Cattel,acattelc3@newyorker.com,84829 Eagan Crossing
43ae140e-7646-4ca9-984c-a7a3af3407a5,Antonie,De Bruyn,adebruync4@irs.gov,75 Almo Avenue
55fe9595-4e20-4b1c-8a45-f6085bcc8142,Izabel,Petigrew,ipetigrewc5@cornell.edu,0 Sutteridge Court
9d0a88b9-2440-4201-935a-64ca800e9797,Betsey,Raphael,braphaelc6@epa.gov,0 Moland Drive
e5c9416c-0118-45e7-8c93-65ac324edb1c,Claudetta,Kield,ckieldc7@ehow.com,227 Reindahl Way
bc57e407-4e4f-4f30-8369-6756b3d50101,Kaja,Witchard,kwitchardc8@va.gov,94949 Ridgeview Road
76341b4a-7a92-4a72-9bfa-101c8a619f5d,Helli,Waddy,hwaddyc9@toplist.cz,8 4th Alley
a309421a-f354-4502-a8c7-5b0331271d8c,Joyann,Minney,jminneyca@github.com,6134 Buena Vista Lane
b319a1ae-4a14-44d9-ae7d-9f57bdc52906,Leeland,Hempshall,lhempshallcb@themeforest.net,76759 Morningstar Road
92abf810-4c43-41b2-93c4-d92d0e98f0da,Dall,Dummer,ddummercc@163.com,34352 Sunfield Point
27b22fee-39b7-43dd-a7ba-f8c28f2f6375,Katy,Antoniewski,kantoniewskicd@bizjournals.com,0 Crownhardt Plaza
d0f80325-cefa-443c-bd5b-fc025cfd0057,Barr,Georgel,bgeorgelce@irs.gov,9822 Sommers Trail
9367f30d-a585-49ea-a4bc-e0cddf72935a,Chandra,Davidwitz,cdavidwitzcf@dot.gov,806 Delladonna Hill
c747d3e4-1a86-4021-948e-30e2eeb5083e,Alic,Rizzardi,arizzardicg@oaic.gov.au,3 Crownhardt Point
8c3ef9c8-e34b-46ce-8215-575cfddb89ed,Ardis,Gather,agatherch@rambler.ru,34 Manley Alley
a9f5b115-6fd8-4ea4-9ad7-c84b660863c5,Simon,Digger,sdiggerci@clickbank.net,55352 Lukken Avenue
a292359b-ebd8-4975-b82b-76d1bc307e3b,Harlen,Coate,hcoatecj@biblegateway.com,7548 Melvin Avenue
b3120722-7ad7-41d3-9faa-04a1381c91dd,Persis,Paley,ppaleyck@fda.gov,8 Novick Terrace
46dd17c5-a23c-4573-88e6-7345d5237df5,Cass,Katzmann,ckatzmanncl@elegantthemes.com,30 Truax Drive
f6ef1898-9b74-4765-b8d0-3677788a6cab,Syd,Damp,sdampcm@cnn.com,2200 Red Cloud Crossing
f19d854a-1015-4f10-8729-cfd295e6a976,Eolanda,Monks,emonkscn@w3.org,767 Lerdahl Center
91e79100-12de-47f9-aafa-601032d398d9,John,Hatherleigh,jhatherleighco@nymag.com,55353 Ilene Trail
56f2e795-0100-4011-856d-14c6ec570af4,Ambrosio,Simeoli,asimeolicp@blog.com,393 Everett Terrace
0b5b0a80-b663-4c02-9920-ef3802fac8f3,Carolann,Powton,cpowtoncq@ycombinator.com,346 Pierstorff Way
c5ef3ac5-855b-4418-9f7b-a32cfa186bb6,Eldin,McCrackem,emccrackemcr@toplist.cz,49878 Goodland Lane
1e4ca3e3-02e1-4b86-b126-677be7c94a36,Eleanor,MacIlory,emacilorycs@people.com.cn,6 Dawn Court
8677342e-8c0c-4473-9715-a4a84d1fce6f,Rosina,Musselwhite,rmusselwhitect@rakuten.co.jp,1 Fair Oaks Junction
184cbc53-d183-4482-9f4b-0642c75e9054,Meta,Goulborn,mgoulborncu@si.edu,501 Bunting Trail
2d8542f1-e3a5-462e-8663-d41c6b990e71,Marrissa,Kerford,mkerfordcv@goodreads.com,101 Weeping Birch Parkway
8e5157d4-4914-40e1-8a48-4a42e7bc0b86,Astra,Thomsson,athomssoncw@amazonaws.com,0 Reinke Circle
77e5390a-aae0-40f0-98c2-04ed355dd708,Herman,Twigley,htwigleycx@barnesandnoble.com,81125 Banding Plaza
3b311656-8702-4b83-ba81-6d2bd0089e00,Kin,Torritti,ktorritticy@weather.com,8 Springs Junction
d87f0230-08bc-407e-8b97-568264548d7c,Lark,Preston,lprestoncz@topsy.com,08 Grim Avenue
11ee62b3-6216-4337-9e0b-e0c21c1d7404,Marguerite,Trigwell,mtrigwelld0@google.de,2 Macpherson Trail
3d8be471-c2e7-464a-b37a-71a247981528,Storm,Reolfo,sreolfod1@washingtonpost.com,56569 Merchant Street
ff8324c5-602a-4db2-8b76-c0a681c8539a,Jehanna,Ruby,jrubyd2@smugmug.com,603 Kingsford Pass
223a19c2-dad7-4e82-bbd4-1a8c82deef1a,Aileen,Kasbye,akasbyed3@jalbum.net,43 4th Terrace
f7dcacfd-5c8e-4681-bc1c-b560d1f04e8f,Yovonnda,Hadenton,yhadentond4@51.la,2771 Ludington Circle
20dc3d64-12e8-4423-b7a6-3e99a84d67ed,Tilly,Strattan,tstrattand5@hud.gov,7 Pankratz Avenue
48fc8365-c60f-4944-a795-3c2459b989ac,Talyah,Merrill,tmerrilld6@mediafire.com,7 Dapin Circle
9aa4656d-dc08-4f31-b3b0-a757e70bece3,Carlotta,Jorioz,cjoriozd7@nyu.edu,9403 Mallory Street
f9c14c99-6bdf-4aff-915d-9afbd37af862,Katusha,Monteith,kmonteithd8@adobe.com,4 Springview Crossing
3330ca3e-b9a3-4238-86db-29ec55ad47b0,Timothee,Spurdon,tspurdond9@slashdot.org,335 Mockingbird Pass
de2becf5-d8b3-4cbb-9698-3af5ded4d31e,Denis,Drewery,ddreweryda@sun.com,895 Coolidge Park
d728031c-bdf7-4680-93a3-824557a118ee,Chip,Haskew,chaskewdb@techcrunch.com,6938 Doe Crossing Hill
5c2bbe83-b424-45f1-88e3-e8fb3b074434,Jarret,Semonin,jsemonindc@wordpress.com,26 Summerview Road
6f9ec740-0116-4b9f-95c7-031fda07e602,Reeta,Sloey,rsloeydd@jalbum.net,99 Express Road
aef4ae0c-9def-4333-9163-c7015c50c1b4,Lyle,Frid,lfridde@youtube.com,93205 Prairie Rose Junction
02bec90a-f80a-4a47-a55d-a715f697ec1f,Jenifer,Ghilks,jghilksdf@go.com,44 David Hill
4a587521-60c6-4d7f-9b5c-348404b36448,Corliss,Norley,cnorleydg@prweb.com,51074 Randy Junction
dbd54383-71a5-43a4-a398-2ea860a5c262,Gradey,Hustings,ghustingsdh@liveinternet.ru,7 Mccormick Terrace
69b61632-9b3e-477d-8cf4-3b43014c8a5c,Joachim,McSporon,jmcsporondi@delicious.com,006 Jana Place
2ab2b15a-e76f-4fc1-a4ce-f7a5f1673b79,Arnold,Ortiger,aortigerdj@infoseek.co.jp,04 Wayridge Hill
bbac32e5-3c50-4f80-abf6-20c50ecf4399,Keri,Marrow,kmarrowdk@vistaprint.com,6 Independence Drive
d458409d-82a3-415d-a6e3-03809637594b,Bondy,Roman,bromandl@globo.com,480 Anzinger Terrace
05f2cd6e-4f3f-4625-9090-db63a0276509,Bee,Erswell,berswelldm@sfgate.com,4527 Beilfuss Road
82a40eb1-e204-42e1-8c4c-8e03e3012bfd,Karen,Shellcross,kshellcrossdn@seattletimes.com,26291 Waywood Terrace
1090659d-5257-44c8-a0f0-4a1226bee9ef,Isador,Caple,icapledo@constantcontact.com,07643 Mayfield Way
fc2f1073-7470-4977-ab35-7bc99ab512dc,Agretha,Rose,arosedp@wiley.com,36 Ilene Circle
f646661d-e62e-456f-9ba2-2b747e001c6a,Ardelia,Bellringer,abellringerdq@techcrunch.com,384 Mcbride Road
54fbd3a4-bdd5-454b-98db-4e71d40ab5d8,Darice,MacCafferky,dmaccafferkydr@cloudflare.com,41 Elmside Parkway
c60c32a2-ee25-4c7d-815b-c4bc40fe310d,Willi,Drust,wdrustds@google.co.uk,774 Hazelcrest Way
b3f5a754-0000-4525-af70-90f4f2a68e09,Artemas,McChesney,amcchesneydt@mtv.com,7743 Sycamore Alley
72b146e2-fdd6-4354-a610-ffe47ff9cf42,Pierrette,Croce,pcrocedu@edublogs.org,46 Riverside Lane
616b48af-5baa-41ef-8437-d5365340d43b,Vincent,Mulqueen,vmulqueendv@salon.com,57 Summerview Trail
8ed3d8c0-e1f1-4208-870f-e3ba864fb66e,Silvia,Shobbrook,sshobbrookdw@themeforest.net,5025 Ridgeway Alley
cb2124b2-ebcf-4503-b1d4-46eb691ded56,Cedric,Brouwer,cbrouwerdx@hao123.com,0596 Forster Junction
070f5868-bd46-4abe-90bf-60632cf63482,Marsha,Wilne,mwilnedy@google.fr,00 Forest Center
7a0bf70d-c546-428d-a6c9-e42a800fb696,Rodolfo,Buscher,rbuscherdz@loc.gov,7010 Thompson Street
738198ce-43e1-4e99-80e2-64a9adabce32,Lori,Legrand,llegrande0@msu.edu,5 Ramsey Terrace
76710224-7466-4d74-a4e3-42cb675abed3,Somerset,Hulburd,shulburde1@amazon.com,3509 Truax Pass
becb8910-e245-4cb2-9845-e2dd4ab12d78,Marika,Somerfield,msomerfielde2@craigslist.org,6 Hansons Junction
11fb1b98-a3cc-4fad-ac37-4afb5044ee1f,Thurstan,Bendley,tbendleye3@tmall.com,7878 Jana Drive
a65d5dfb-4d75-46cc-92f5-9dcaaf424ffb,Hamlin,Derry,hderrye4@nydailynews.com,0063 Lotheville Crossing
1dd48924-33a6-4414-8032-4c84e3f9d495,Fax,Charrisson,fcharrissone5@ca.gov,844 Stuart Center
d7541693-f3d2-4594-a1ff-9e9beb387b4d,Celisse,Steffens,csteffense6@ihg.com,1758 Dakota Hill
f5c153bb-61b9-466f-b724-ffcce23f866a,Ber,Safont,bsafonte7@ifeng.com,23 Blackbird Hill
a393451d-3a1c-4c65-a45b-e16f94f1af56,Teddi,Birchner,tbirchnere8@ox.ac.uk,57663 Bellgrove Street
89e44e65-1ae3-4341-abdf-5f5e21852cc0,Kerry,Coad,kcoade9@slashdot.org,24205 Delladonna Avenue
f3910b57-2ac8-4d0d-9e4d-45d1b87be2f6,Leann,Seed,lseedea@squidoo.com,05424 Buena Vista Road
a5b7f310-0b53-4bb0-bf0b-3f733aea5b9d,Karlie,Szanto,kszantoeb@statcounter.com,2 Paget Center
7915fb57-aa93-4f9a-a89d-02063f0d59c3,Payton,Heggadon,pheggadonec@smh.com.au,4215 Schlimgen Junction
47160152-9708-4fc4-9001-1da3d2be5851,Carissa,McGunley,cmcgunleyed@live.com,4677 Armistice Lane
e9a56eca-10b8-4213-a9de-e3b6f401144d,Nan,Lindenblatt,nlindenblattee@taobao.com,25 Acker Hill
a57a6893-b32f-4f9e-ae05-febec79e0980,Carmina,MacMeekan,cmacmeekanef@cdbaby.com,54323 Artisan Junction
9287bae9-2b85-4782-8f37-a329cc065b3f,Yvor,Ballister,yballistereg@wp.com,4 Darwin Terrace
97f78467-4a44-4f74-af87-efa9fe09053b,Myra,Knewstubb,mknewstubbeh@aboutads.info,413 Arizona Plaza
3a179f2b-2876-43a4-b137-66c65fe03d7c,Samantha,Scarlon,sscarlonei@hao123.com,63853 Oak Crossing
7a522a4d-c9d3-41c6-aae8-61de33b83856,Kala,Durrand,kdurrandej@alibaba.com,28 Blaine Terrace
0672a88c-0f1b-4367-ad98-52470bff9c60,Ira,Underdown,iunderdownek@fda.gov,038 Stang Place
1ed9967b-8399-4d3f-a83f-ea482316652a,Gunter,McClymont,gmcclymontel@bloglovin.com,1 Sycamore Pass
9f7147e2-7ca1-485c-a2fc-b2a489c9bb55,Meredith,Ventris,mventrisem@rakuten.co.jp,06198 Blaine Road
a185babb-b0b6-49f0-bdbf-544c1b5c4b80,Aubine,Ricca,ariccaen@unc.edu,683 Meadow Valley Lane
d3b66cda-05f7-43ac-a392-e93a9d1fbfad,Cosme,Cropp,ccroppeo@spotify.com,8591 Washington Circle
d002d72e-2c40-4cea-b26f-d885ef550c2b,Kiele,Cuffe,kcuffeep@engadget.com,7234 Dexter Center
575e59af-0eea-4134-8ba1-f705e192d1b0,Lyssa,Tort,ltorteq@businesswire.com,69 Dwight Point
74283ef6-5d63-4991-b96a-34d2375b908b,Alverta,Yegorkin,ayegorkiner@behance.net,2 Northridge Parkway
87ae23f7-7c86-4f41-9d59-ff85c79c72d2,Dev,Franschini,dfranschinies@fda.gov,3370 Buena Vista Crossing
ef190b8f-d10a-48cd-bd92-2899e03835ef,Bruce,Stafford,bstaffordet@imdb.com,40 Tony Terrace
cb625d0f-3c63-4151-8b3b-2428916206b1,Nissie,De Filippi,ndefilippieu@icio.us,29 Eggendart Terrace
eff15bcc-7c6c-4819-8b4e-44d7f8d2d95e,Garold,Freear,gfreearev@vimeo.com,637 Novick Place
3a0b1016-1255-40bb-afcf-eeeeb9cd1804,Brewster,Dymick,bdymickew@simplemachines.org,5 Texas Street
4fb0b725-16fa-4db5-a5cb-a0c40333cbac,Karlee,Vivyan,kvivyanex@hhs.gov,429 Spenser Alley
b85014ab-6dd9-42bf-bc62-22bc084cab4d,Hamil,Alsopp,halsoppey@china.com.cn,4380 Brickson Park Alley
1aa0ac4d-dbca-4ae7-a888-1daf154841b4,Hertha,Enocksson,henockssonez@globo.com,078 South Junction
2020e471-31af-4781-9ea7-8da76ea84c5a,Lanny,Soggee,lsoggeef0@barnesandnoble.com,1 Susan Road
71339519-5a29-46e6-90a0-f93417016df5,Valencia,Tregea,vtregeaf1@seesaa.net,7861 Prentice Hill
c1885aba-ed03-4ec9-8467-e042b0478a83,Clyve,Rowcastle,crowcastlef2@tripod.com,7 Carpenter Way
86088a7a-3fff-437f-ab32-638180c0a581,Winne,Daniau,wdaniauf3@digg.com,078 Canary Center
cf92c50d-b42d-4fda-9400-2baabd8c5629,Kylila,Knappitt,kknappittf4@fc2.com,3 Vidon Junction
367366d2-812a-4d97-a178-56a4244113a1,Merline,Napper,mnapperf5@pen.io,30364 Fair Oaks Parkway
686dba67-b26d-47e2-a91f-7c65594a9514,Anna-maria,Layland,alaylandf6@marketwatch.com,03475 Arapahoe Street
6eaf442f-00d1-48a6-9a0b-e77ad453f6c7,Bailie,Way,bwayf7@va.gov,86 3rd Lane
ff403292-f21a-4f67-ad16-ff434e71ecc2,Kai,Gatrell,kgatrellf8@delicious.com,2180 Sugar Parkway
c1d47f33-3886-4ef2-a7b1-f92f24b65a4b,Pernell,Rosas,prosasf9@indiatimes.com,8 Warner Trail
b4a11901-93f6-48b4-a332-0a860f8df2d3,Ingunna,Gladdin,igladdinfa@oaic.gov.au,11060 Rowland Place
6152c2ce-cd94-48ad-a8d3-b41193183e19,Rivi,Rawcliffe,rrawcliffefb@cbsnews.com,9 Division Pass
fa4c29f2-0fe2-48eb-b0a1-a32b1886ef2c,Josy,Shellsheere,jshellsheerefc@google.ca,19016 Holmberg Parkway
b1d2a66e-b8e4-4e58-bc1e-e66550b883f0,Alanah,Cattow,acattowfd@craigslist.org,96 Sommers Center
a297ad00-c323-45d2-864b-7364aad20915,Tessy,Juza,tjuzafe@scribd.com,664 Myrtle Junction
54d7d451-ca5e-4ee4-8b6c-6253deb3466f,Marty,Gery,mgeryff@hubpages.com,93740 Utah Court
a95ad155-3105-4dac-a6c2-9e9022171bd8,Chris,Whitechurch,cwhitechurchfg@t.co,98 Cherokee Parkway
19e3c64f-2585-481f-a475-52f69ca2b25f,Ellswerth,Morten,emortenfh@last.fm,595 Pond Crossing
3bd40416-d23f-49f9-a246-aa77e36310c0,Sibelle,Standish-Brooks,sstandishbrooksfi@amazon.de,3 Mayer Avenue
ebccc85b-c2a0-46c5-b142-a2b70b61ed4d,Brandon,Crichmer,bcrichmerfj@hibu.com,6577 Dakota Junction
fa8e6244-3144-4c00-9196-1cfe0d895876,Shina,Burdess,sburdessfk@intel.com,5 Holy Cross Junction
c94fe2de-e140-4c77-9e4b-0015662d57ba,Livvyy,Newbold,lnewboldfl@tamu.edu,14 Roxbury Terrace
f714a797-52a0-4a07-995a-91ca66da8e0f,Saunderson,Jellings,sjellingsfm@booking.com,30530 Harbort Terrace
92545016-8bcb-43ea-828e-52a33d0a5975,Saidee,Le Marquand,slemarquandfn@live.com,2 Sullivan Crossing
0168f4df-b022-40e6-aa66-320d4f5af5e3,Manuel,Shird,mshirdfo@twitpic.com,2266 Eagle Crest Park
c560b75f-57fb-4126-b21b-0a7a5ad064f1,Liv,Birtwistle,lbirtwistlefp@wikia.com,257 Chinook Court
8c292f97-0655-4582-a680-6e02daef0646,Robinette,Catteroll,rcatterollfq@slideshare.net,34 Moulton Park
bcbfc950-1504-41af-abc0-1975d42017f6,Ber,Dafter,bdafterfr@loc.gov,16006 Bayside Hill
1e12ba30-3cc8-491e-bad8-2e50e77a8fa2,Inger,Spur,ispurfs@icio.us,978 Shelley Point
a0dbff8a-3dad-4302-b6fd-b5177cb30a7e,Chick,Humbles,chumblesft@nifty.com,72 Kipling Road
3ca818c3-a7d4-44bd-b0e6-3326ee0e8299,Maryl,Sandyford,msandyfordfu@163.com,2 Jackson Hill
9a00ba62-fbe8-4888-a01a-9874354cc564,Benedicto,Pedrielli,bpedriellifv@wikimedia.org,2 Cambridge Lane
a2ff537e-6efd-49ef-9aa7-deaca958f0b4,Sylvester,Wille,swillefw@cloudflare.com,45851 Arizona Point
bc8ea56b-82c6-4cdc-8795-e436a4f9361b,Nannette,Bindin,nbindinfx@posterous.com,4833 Kim Terrace
7c9dd628-f0d7-4eee-bed3-1c32f574f531,Gris,Raleston,gralestonfy@xrea.com,8 Dixon Parkway
2ceafb4d-b47a-4396-91ae-b4d1b3a210d2,Gabie,Luckwell,gluckwellfz@naver.com,5 Huxley Drive
3e5148fc-c611-4e96-9642-c9e00b94f19a,Junia,Rolls,jrollsg0@thetimes.co.uk,81369 Canary Drive
31144779-33b1-4460-b36e-d94057ad06f2,Bryon,Grolle,bgrolleg1@domainmarket.com,20 Grayhawk Alley
63dd3b88-c52a-4337-8fcd-dd63ce3faa8d,Yorgo,Pigdon,ypigdong2@sitemeter.com,9884 Vermont Terrace
21b47a07-5556-456c-a325-3fc1f52a77e2,Alvy,Wear,awearg3@posterous.com,32 Mayfield Avenue
192c357b-21aa-42f8-a823-efac781c2dd5,Ranee,Loveland,rlovelandg4@indiatimes.com,0461 Warbler Plaza
ce730a05-8d81-4d50-8c56-6d6e249ab1ed,Casey,Evemy,cevemyg5@theglobeandmail.com,3 Merry Center
36109a37-0a01-4f50-b6be-be91e1819792,Collete,Pedlar,cpedlarg6@webeden.co.uk,36 Corry Hill
075698ee-b86e-45f6-a904-ca9803d5014f,Malvina,Pendlebury,mpendleburyg7@canalblog.com,38957 Sunnyside Terrace
1a0aa55b-c8c1-4571-bd79-c1e32abd5478,Kylila,Blakden,kblakdeng8@economist.com,456 Barby Place
55f70048-deb7-4547-b421-acd1be12208f,Gennifer,Linnett,glinnettg9@phoca.cz,69 Clemons Terrace
ebeded33-ee7a-4f0f-857b-b05f6ab559d1,Eba,Goward,egowardga@ftc.gov,98 Rowland Hill
a19bddcb-e127-4d6e-9f19-5774423f1e28,Ginni,Wrankling,gwranklinggb@dion.ne.jp,554 Ridge Oak Junction
60990c37-cfcf-448a-a08b-4a2280b72ce3,Sanson,Szymaniak,sszymaniakgc@ucla.edu,984 Blaine Center
006d1152-1609-40d5-909c-1531801b1f71,Morton,Goddert.sf,mgoddertsfgd@barnesandnoble.com,466 Lotheville Trail
2dcf75e1-ccaf-4eb6-bf7f-e31f0f9ef0d9,Gardie,Bingell,gbingellge@tripod.com,75 Kennedy Plaza
a4f2f0b1-40f8-4fb1-801c-bac1f42abc42,Jo,Kinman,jkinmangf@nationalgeographic.com,95089 Eagan Hill
cd08c290-7046-44b0-a7f0-0c46d19275c8,Jillana,Selly,jsellygg@dyndns.org,6 Haas Crossing
b371f62f-9eba-4718-910f-a30ec675d78f,Minda,Laborde,mlabordegh@over-blog.com,7 Emmet Road
b22cb637-9acf-47a4-b90b-f85c6d930006,Iago,Haselwood,ihaselwoodgi@goodreads.com,8 Iowa Center
7f10d51e-b29c-472e-93e0-4124e35b3277,Maire,Nann,mnanngj@cnn.com,4 Heath Hill
53397fb6-7d6f-4c4e-a51e-1c73e8b0326e,Isadora,Boodle,iboodlegk@baidu.com,08 Starling Circle
2f8a13f6-dad9-4973-a271-7f49a72360f7,Lorne,Swanbourne,lswanbournegl@pbs.org,8366 Basil Pass
88ad8ccc-ec10-4e6e-b7b8-80faf4ebc9bc,Barn,Brundill,bbrundillgm@amazon.co.uk,6936 Garrison Circle
bd2c0571-ff5f-4910-9459-cf0bc3c28165,Florri,Heindrick,fheindrickgn@altervista.org,199 Porter Street
a5aaf58e-4852-4e1b-b238-02cbaa8125c7,Lazarus,Lambregts,llambregtsgo@indiatimes.com,09 Weeping Birch Court
7f3134e8-e3b6-4962-b523-18d877f3ae58,Dorene,Chapier,dchapiergp@bizjournals.com,7295 Anhalt Court
092c6ba6-35e8-4a70-8ef3-99b92f22cda9,Elfreda,Eusden,eeusdengq@unc.edu,7 Dunning Court
cb83fc77-debd-451b-9a51-4fff324b6f5e,Alic,Manclark,amanclarkgr@yellowbook.com,640 Stone Corner Parkway
f8162d08-ee07-423c-a3e9-4d4836f1f171,Mariann,Tompion,mtompiongs@wp.com,698 Russell Street
d7825eb1-f4fc-447c-93a8-8e9813016d9c,Ezechiel,Shyres,eshyresgt@abc.net.au,996 Clove Junction
2291b1bc-6c4a-49d8-a8ee-4820aeb98b85,Lorrie,Merali,lmeraligu@washingtonpost.com,22263 Sauthoff Avenue
0412b9c3-9ce1-4881-b0ec-01a2734501e8,Philippa,Merrigans,pmerrigansgv@ted.com,8 Montana Alley
47becd4a-14cc-4cfc-8f74-f413724925d5,Jean,O'Mahoney,jomahoneygw@geocities.jp,687 Nobel Junction
f9aaea4f-e7ef-45ca-bdef-21a465be0f79,Beniamino,Chotty,bchottygx@oracle.com,5 Delladonna Pass
0ebb4569-f88a-4e0a-ba95-2493a247dd0d,Corny,Gilli,cgilligy@bigcartel.com,33 Mendota Court
5f5f5470-6d22-43c9-8420-dc0a5a61666a,Celinka,Mickelwright,cmickelwrightgz@webnode.com,6 Kim Avenue
67d5b9c7-19fa-43ad-893a-4eb8d5ef4f38,Archer,Seeking,aseekingh0@flickr.com,4 Kipling Circle
f2687fbb-a6cd-4861-b18a-78da00ff1ac6,Giselbert,Bertomeu,gbertomeuh1@nationalgeographic.com,56274 Ryan Pass
f9980c8b-aa0d-4fce-9e6f-8ae9e22a9e59,Drusy,Godman,dgodmanh2@admin.ch,22 Tennessee Plaza
1818884a-0550-484c-8a9a-6d235b02f6d2,Maud,Garred,mgarredh3@naver.com,8975 Roxbury Street
5bd2e44b-bffb-49e5-b2b4-f2b970550073,Rosaline,Millett,rmilletth4@toplist.cz,2 Hansons Alley
a4609db1-3a66-401a-bb72-d43721a56286,Patience,Chess,pchessh5@omniture.com,215 Barby Street
f2957cc0-459d-4934-b8df-b21bf11397ec,Cris,Kall,ckallh6@wikia.com,81 Artisan Lane
a42b471d-9874-4cb5-9157-53b021a69fc3,Jordan,Thaine,jthaineh7@taobao.com,49 Cherokee Circle
872f3367-bec1-44db-b250-7492e537d628,Fionna,Gertray,fgertrayh8@photobucket.com,628 Lakewood Crossing
7ac8bab3-88f8-45dc-9494-0a18d9bc945a,Ingeberg,Archanbault,iarchanbaulth9@51.la,875 Main Road
65927385-2699-4f8e-9ce2-c469c4a20be8,Marylou,Pennycuick,mpennycuickha@unesco.org,1898 Marquette Place
71a348d5-9d13-44c5-8151-1c99dad12351,Tulley,Penhale,tpenhalehb@indiegogo.com,50115 Mandrake Avenue
9b1cb4e4-0fff-4c9c-8e4b-1f00ff0481bd,Loleta,Yglesias,lyglesiashc@yale.edu,0432 Rusk Center
ff71927a-22ea-49af-9f3a-a084f8b0d630,Gradeigh,Argont,gargonthd@biblegateway.com,10 Bayside Terrace
d50c38c8-e96b-46e0-84fe-0faadc50b384,Kerri,Faich,kfaichhe@barnesandnoble.com,4095 Pond Terrace
dfb7631e-1eef-4235-a107-1641e142385d,Johnnie,Jasik,jjasikhf@usda.gov,56 Elka Road
617ba772-3dda-4cbb-8d33-ab3b14567060,Jaynell,Chern,jchernhg@admin.ch,225 Hanson Road
b116938e-7de4-4264-b66e-7002036660bd,Lacey,Mollindinia,lmollindiniahh@pbs.org,4 School Trail
ff20a958-321e-48d8-84ac-5a5e7a2b66af,Francoise,Clerk,fclerkhi@marketwatch.com,5996 Sachs Avenue
73ed4c5d-e572-4525-95f5-d1ec2e283585,Ky,O'Donohue,kodonohuehj@dyndns.org,289 Dayton Street
4f289c2c-f3ae-43a1-a64c-7f9888d86cac,Lillian,Blinder,lblinderhk@miitbeian.gov.cn,930 Mitchell Trail
2dfb2692-0a20-49f8-bbb3-81e40d6023bd,Michele,Dable,mdablehl@bizjournals.com,2488 Parkside Drive
e0ee6422-f3a2-4f17-8ca2-e3c802b5d74e,Teresa,Haizelden,thaizeldenhm@dagondesign.com,78320 Dayton Avenue
6661eca6-3698-472a-82db-df4b1d409b78,Nicolette,Dagleas,ndagleashn@usatoday.com,97521 Crest Line Street
546484eb-8356-49f7-a58e-1fc7de8b12b2,Rodie,Waistall,rwaistallho@mediafire.com,20 Stone Corner Place
077b1cc1-f562-482f-8560-f7fbadfb18da,Aube,Beste,abestehp@tamu.edu,055 Tennyson Parkway
9d67103a-3f39-4647-8495-1025d30d538a,Rosco,Dunton,rduntonhq@feedburner.com,54491 Red Cloud Pass
09511d94-8e1c-4b85-9730-c2ddb73fb71e,Darelle,Dunbar,ddunbarhr@cargocollective.com,06532 Haas Alley
4431d8b8-832a-456c-a1c8-6ed0996bde2c,Loralyn,Latehouse,llatehousehs@desdev.cn,51323 Mosinee Place
33eaaa87-6360-4703-9fc4-87428eee0ed8,Luis,Manser,lmanserht@i2i.jp,7 Stoughton Junction
4a6eb51e-978f-4e7c-b1cf-87e6ead31e2d,Aldrich,Clorley,aclorleyhu@over-blog.com,8 Oxford Court
18516c7e-cf28-4cb2-9343-7080e0998527,Mariska,Shapira,mshapirahv@twitter.com,98 Buhler Way
00e8efbc-3462-4457-b277-8f60707529be,Willi,Powlesland,wpowleslandhw@sphinn.com,4 Oneill Plaza
ad024da6-2fc7-44e5-850e-49a5e1edcf0d,Rodie,Millyard,rmillyardhx@sourceforge.net,7624 Garrison Avenue
c15989f0-22db-4bb1-9e82-55ef85c85560,Ax,Spurden,aspurdenhy@marriott.com,2 Maywood Alley
040b9b60-8f7c-42e1-98f1-c819cd897e6b,Ailee,Welburn,awelburnhz@weebly.com,38 Mitchell Drive
4999efb3-a3e4-4a6e-aaeb-c5b69bd1bd7b,Natka,Southwick,nsouthwicki0@usgs.gov,52 Manitowish Place
a2809ab9-9ed9-4095-a459-fc4947e236f5,Milzie,Alps,malpsi1@php.net,20209 Spenser Pass
b6760ed6-f932-4ffc-962e-a9a3562370d7,Billy,Edmondson,bedmondsoni2@geocities.jp,3963 Hanover Plaza
587ff700-ff7b-4654-9c03-829efadbf433,Maximo,Feveryear,mfeveryeari3@homestead.com,5 Duke Park
2303785e-67bf-48f6-b379-a95c369c22b2,Mozelle,Elliott,melliotti4@illinois.edu,27832 Dapin Way
b008f413-630d-43b0-b6c6-6f35a4764e79,Karyl,Gooderham,kgooderhami5@elegantthemes.com,0235 Bluestem Hill
9b5b76d2-8e48-488a-bc07-45606a18bc65,Bartolomeo,Allaker,ballakeri6@mashable.com,67876 Golf Course Court
a18f5961-e3a3-46ea-91cd-11e33d08f825,Hubert,Allcock,hallcocki7@ezinearticles.com,9 Ridge Oak Hill
118c96d2-8f61-4cdf-8206-fd68c455abc0,Lorne,Natt,lnatti8@google.es,87583 Fulton Street
0e4e024e-2a55-4c41-9c38-c8710e6a3e2d,Elsey,Edmenson,eedmensoni9@angelfire.com,176 Buena Vista Street
9baafafc-fba4-4b0f-9d72-0c9166b4f413,Audry,Dobeson,adobesonia@paginegialle.it,20 Maryland Drive
3e66ecff-0da1-4eb6-9166-9871ab654e7e,Patti,McGrane,pmcgraneib@over-blog.com,738 Sundown Terrace
27e7152e-04c0-449a-bdd8-59761fcabad3,Abba,Stollenberg,astollenbergic@yale.edu,73184 Dapin Plaza
44e17f9d-a07b-46b5-98b2-70a6ff2f3b95,Isacco,Broun,ibrounid@microsoft.com,43 Fairfield Drive
4b403c5f-5456-47a1-8b17-0de173f8740f,Kelcy,Lornsen,klornsenie@rakuten.co.jp,2 Sherman Trail
5392fc3e-6638-4f1e-914a-717fe5c0dac8,Cassandry,Hanes,chanesif@wordpress.com,22210 Pawling Terrace
588397ff-8703-45dd-b6d1-62b9655b5fdf,Uriel,Whitton,uwhittonig@tuttocitta.it,26 Utah Avenue
1ceb62d5-9886-4f59-bc1e-e807c5f03277,Carmina,Despenser,cdespenserih@time.com,37128 Darwin Way
ed76b62c-583c-49ad-b09a-970031dc51af,Forrester,Brechin,fbrechinii@yahoo.co.jp,19 Lakeland Road
cde76548-a38f-43a1-a7c9-2139b89d69ae,Annabal,Andrea,aandreaij@washington.edu,394 Randy Parkway
fb7317f3-fe82-4eb0-bf05-aff87db9bd0a,Alessandro,Andreini,aandreiniik@upenn.edu,91033 Namekagon Circle
2efc5dec-3601-4187-8ede-6b1b4c1b1a03,Vince,Brownsey,vbrownseyil@51.la,047 Dahle Plaza
c00b36cc-4812-4088-9123-e06eec65e1f7,Patric,Loseby,plosebyim@newyorker.com,673 Pleasure Court
f1e0b2c9-5b7c-40d3-9530-8517e54d27b5,Candace,Bexon,cbexonin@wikia.com,9 Hoffman Crossing
93787937-aed6-43a3-a1a6-5d61feaef268,Lief,Larvor,llarvorio@ted.com,527 Mcguire Trail
9a541648-37fd-43d0-9c1e-789e022ada93,Cahra,Yegorchenkov,cyegorchenkovip@psu.edu,1 Garrison Avenue
dbf494bc-29c0-4dba-8439-a8d292327b34,Bride,Carolan,bcarolaniq@fotki.com,6 Merchant Pass
a7a4dabc-458e-4a51-8ff6-0fb738a13fee,Agace,Osman,aosmanir@huffingtonpost.com,1 Anzinger Circle
3d9e9d33-12bf-445e-9751-08b9e5d165af,Friedrich,Murrell,fmurrellis@forbes.com,64460 Randy Center
cecc06cd-8858-4531-beb7-ba4e0fc5eff5,Clemmie,Pree,cpreeit@sourceforge.net,10777 Straubel Lane
96f913e1-24e1-4137-8bd6-a64135cf19ad,Gabriel,Pozer,gpozeriu@hugedomains.com,3882 Killdeer Trail
67542abf-b977-43e6-98ff-096ce20f5393,Enrico,Janczyk,ejanczykiv@microsoft.com,5431 Hoard Drive
dd7417e7-2f0e-4ec9-b80f-7a345cc7aa7f,Philippe,Sweetmore,psweetmoreiw@usgs.gov,986 Hermina Crossing
f42527d4-1722-400b-b9ea-04e4f8877f94,Dalston,Greystock,dgreystockix@cisco.com,2 Service Terrace
ef99ee6b-3bc9-4745-a2bc-ddf55c15d750,Esme,Goggin,egogginiy@wikipedia.org,8 Lerdahl Hill
6a7f1593-9f60-4b11-a859-90238c7203e3,Herculie,Forster,hforsteriz@edublogs.org,661 Knutson Avenue
2a9c634c-5b1b-4117-964d-53ced01deace,Marlee,Ghidotti,mghidottij0@sciencedaily.com,7 4th Hill
0e37d694-b799-48b9-8bf2-dcf6dfca1fe7,Wendie,Lourenco,wlourencoj1@surveymonkey.com,825 Knutson Center
cc7215d8-4d53-434f-b55a-e06b27ec3018,Alli,Habercham,ahaberchamj2@discuz.net,94532 Holy Cross Junction
4beda7ad-f356-4dfd-b90a-e4f668f903a1,Laurella,Grieveson,lgrievesonj3@jalbum.net,0848 Eastwood Point
e9573282-bb3e-4990-bd67-f7ad3c83dbf1,Rodge,Norquay,rnorquayj4@rediff.com,13 Grasskamp Pass
65dbf671-2b80-4c7c-a64a-0b1d9c427c08,Cleavland,Cheine,ccheinej5@gizmodo.com,5 Upham Way
d674612e-845f-4f32-a0db-af55c96aee9c,Marc,Lanon,mlanonj6@blogs.com,775 Westport Avenue
2b0c8f8c-9afc-479a-ac87-76550b6514e9,Carroll,Devall,cdevallj7@youtu.be,375 Fuller Street
24fa96eb-0db8-492b-9941-c8cb4f199f3d,Zola,Arden,zardenj8@blogspot.com,7618 Fieldstone Trail
c3b99eb2-2072-434c-a1dc-13086f678a91,Hank,Lorman,hlormanj9@usgs.gov,614 Florence Road
41e2da8e-4de9-4958-a21e-fc4d42e773da,Zared,Newman,znewmanja@ucoz.ru,37 Tony Court
cc9e67e6-3eb8-4829-b45f-c4272d1ef684,Susanna,Danelut,sdanelutjb@ca.gov,0 Hermina Street
123e199e-60f0-44ef-b931-bf13348e180f,Dexter,D'Ambrosio,ddambrosiojc@artisteer.com,7 Steensland Lane
66c8b600-3d15-4050-9cd2-93ffa9132444,Peri,Matchett,pmatchettjd@sina.com.cn,3320 Gateway Crossing
d1419c08-9e4d-42f0-89c3-d71b7d02611e,Lynda,Stump,lstumpje@tumblr.com,330 Corry Parkway
1c0e71d4-cb70-42ff-8b75-9de39f8e344c,Margo,Soda,msodajf@com.com,6750 Maryland Place
830ca77e-7c2d-4cd3-88f1-39e0bf8c79fb,Zondra,Guerner,zguernerjg@paginegialle.it,09157 Graceland Point
8195f92b-84df-484a-92e3-158917ac180c,Berke,Catterick,bcatterickjh@uol.com.br,814 Oneill Terrace
c57c0964-bdb1-46f1-a69a-d087fdb2fc23,Rinaldo,Flobert,rflobertji@irs.gov,1 Anderson Terrace
a3efa634-0fd8-4016-b202-ab13d24b6810,Melinde,Gherardi,mgherardijj@nyu.edu,79562 Jay Pass
6797bb8b-666f-444d-b4da-5774c765bd25,Adda,Beeres,abeeresjk@jiathis.com,1 Blackbird Crossing
59284b2f-650e-46ee-bea8-b25b62e4c212,Abigael,Antill,aantilljl@youku.com,662 Maryland Circle
fd297998-d2fd-42f2-ab84-0f7e4b83f017,Savina,Quilliam,squilliamjm@tumblr.com,023 Green Ridge Crossing
db5f4120-d151-4b4f-88c5-66eb67d60e27,Fax,Fairhall,ffairhalljn@china.com.cn,3 Calypso Pass
3f0fbdf0-0fe8-4579-8ee6-3dfcb6ecf958,Carlita,Fromont,cfromontjo@infoseek.co.jp,5581 American Junction
17d5b315-60be-4387-b854-3cd333200fc9,Elnora,Linder,elinderjp@wp.com,96 Surrey Park
80b1d34c-53d8-47bd-a258-8537005abbbe,Beitris,Jellicorse,bjellicorsejq@macromedia.com,83 Clove Trail
e2eed2fb-871a-4795-b379-c3bb7ab62892,Daren,Deinhardt,ddeinhardtjr@yale.edu,27 Amoth Point
48bedc76-7652-4828-b5d8-ba9e824ef3ab,Cathleen,Kyle,ckylejs@salon.com,8 Lakeland Park
394cff0f-27cd-4d62-a312-2823fd9992b0,Cindi,Boundey,cboundeyjt@wikipedia.org,88799 Mesta Parkway
8056047d-9208-4d61-abb2-b81818f70222,Harman,Nairn,hnairnju@yahoo.com,7851 Sachs Street
38f80d45-d354-4300-a935-ffee19574144,Vin,Beiderbecke,vbeiderbeckejv@prweb.com,68734 Troy Plaza
343cfdd0-e585-4c6f-9ac9-cce9f09d6ae5,Wadsworth,Glasby,wglasbyjw@instagram.com,642 Moose Pass
56b8c6ff-bdc2-470c-872d-8f345686efdd,Flo,Swoffer,fswofferjx@behance.net,1561 Browning Junction
3e857768-87e3-494b-8fed-328790fd1d3e,Drucie,Woodroof,dwoodroofjy@patch.com,17 Melrose Park
0b595d67-f28d-40c1-aa3f-84f6f1e09af9,Sibyl,Nacci,snaccijz@fc2.com,85571 Longview Trail
4dec6e9f-d2f9-4ec4-abdb-6879d5b94b0b,Elisabeth,Berthel,eberthelk0@gmpg.org,3082 Grasskamp Hill
71bf576e-1cb8-4be0-9077-2a2aef2f30b9,Barbara,Davidzon,bdavidzonk1@bigcartel.com,0010 Mosinee Point
c99306ee-af25-4bf7-8a8a-50ec8554acb8,Jermaine,Rothchild,jrothchildk2@so-net.ne.jp,844 Manufacturers Road
28cd8917-1f4c-4fdd-bdcc-f5276c08b143,Joela,Opdenorth,jopdenorthk3@berkeley.edu,582 Thompson Street
04e97faf-65c1-416b-9297-e0d3035b2032,Philly,Gratrix,pgratrixk4@eepurl.com,349 Armistice Point
d050ecae-dd4a-4c49-827e-93581c0f44b7,Ingmar,Dwelling,idwellingk5@about.me,35956 Havey Drive
b09d3f24-7e13-46b1-a9be-f8db86ee7df4,Lauretta,Bonniface,lbonnifacek6@amazonaws.com,936 Southridge Street
9c4c98fe-64eb-4ece-95b8-9a0ae96edb2e,Daphene,Whalebelly,dwhalebellyk7@sitemeter.com,84864 Golf View Plaza
be6e9923-f5d1-46b5-9f0a-959301e5f944,Jard,Rowsel,jrowselk8@slate.com,32 Marquette Hill
c4490b63-d30d-4fb3-bb06-cd7c5d49f755,Lowe,Fowgies,lfowgiesk9@flickr.com,213 Moland Drive
a08937be-753d-4601-b870-a734456e6765,Floris,Garret,fgarretka@twitpic.com,5 Dahle Way
85f97b53-18ed-4bae-9170-2707533a9a03,Candy,McKeady,cmckeadykb@unesco.org,0873 Lillian Center
d7005a3e-7e97-4e69-9d91-2ab96e93fbbf,Heda,Affleck,haffleckkc@wisc.edu,08 Judy Place
5fce3c99-6426-4eab-8dfc-bf4fe37fc213,Kayle,Bone,kbonekd@squidoo.com,09612 Hoepker Parkway
5c0914db-fe01-4df1-aebc-e526448f2830,Leesa,Nouch,lnouchke@myspace.com,110 Hoard Drive
acbcb36c-4575-484b-8b0d-9a45db89bd22,Egan,Verrell,everrellkf@whitehouse.gov,90983 Michigan Terrace
97a903b0-f5c9-4f7d-a555-bdd93e7d37b4,Janie,Kindleside,jkindlesidekg@ftc.gov,8 Arizona Lane
3dbfd086-f156-4c7d-a326-cb3078dc1369,Joannes,Clopton,jcloptonkh@addtoany.com,36748 Derek Plaza
50a1c5bb-719b-4f6d-a7af-9a44eafa7ddc,Heidie,Bovis,hboviski@uiuc.edu,7123 Clarendon Point
4993ab9d-e3e5-4e53-bdd9-a1e8dfd7884c,Kaitlynn,Osipov,kosipovkj@ovh.net,8 Butternut Trail
550171e9-85c6-4fdf-8752-d14cfeef5ea7,Ernest,Warwicker,ewarwickerkk@infoseek.co.jp,910 Oak Valley Center
2dfa81bb-863a-4de1-96e1-5a033601dbd1,Ophelia,Casolla,ocasollakl@1und1.de,1083 Novick Street
7d704360-f4db-44d9-8d7b-b31779071bc1,Matti,Bresner,mbresnerkm@abc.net.au,3 Rigney Hill
e7243442-8474-48e3-8680-6addb15d451d,Georgia,MacNeill,gmacneillkn@ehow.com,227 Del Sol Way
55d6961d-f43f-4592-a7ee-72f4bfc22e19,Chick,Farish,cfarishko@bloglovin.com,99 Coolidge Road
2075848b-d635-4078-a568-eb930dbdfae0,Kit,Goodenough,kgoodenoughkp@simplemachines.org,95513 Sycamore Court
26b9729a-2d37-4d99-8504-e2780761a470,Ferne,Nisbith,fnisbithkq@zdnet.com,6 Harbort Hill
21dbe4d3-f033-4452-be45-24baaaeaa4dc,Hillard,Gerardot,hgerardotkr@so-net.ne.jp,3 Maple Wood Circle
6bf51af5-500e-4187-95dc-9d704dc2d99a,Eloise,Harhoff,eharhoffks@odnoklassniki.ru,74710 Messerschmidt Hill
194ca4a0-33db-4cf5-9177-e9269e94c58b,Gilligan,Timms,gtimmskt@ustream.tv,737 Calypso Drive
4e0c663d-e63b-42b9-a5c9-8b62a5f20a0b,Faustina,Babonau,fbabonauku@google.es,59 Caliangt Hill
2e5f3be8-70bd-4335-baa2-b6f51dbf5411,Joleen,Walby,jwalbykv@sphinn.com,919 Northport Plaza
747fe9f8-600f-4723-95e2-ca318d999af8,Teddy,Cheyne,tcheynekw@about.me,71077 Summer Ridge Terrace
7be9d40c-8df6-4994-8b3b-8bcccbd00898,Bethany,Pratten,bprattenkx@whitehouse.gov,8 Stephen Crossing
216450a1-b3c2-4013-9464-762d149a5501,Marthe,Steinor,msteinorky@phpbb.com,49 Anzinger Junction
a653afda-f96d-4984-b8d6-39f8b5738838,Yancy,Westphal,ywestphalkz@illinois.edu,874 Algoma Road
b1a509ea-4ad1-4af8-99ec-abb6073c3d08,Granger,Craighead,gcraigheadl0@simplemachines.org,7310 Fairview Place
e19134ec-dd7e-4770-86c5-69eb148b6894,Clywd,Gladdis,cgladdisl1@blogtalkradio.com,00425 Monument Way
43f9d985-8236-4c21-8f78-d310bf9d5720,Kellen,Thrussell,kthrusselll2@ning.com,606 Lighthouse Bay Road
de12da0d-5aed-4078-8266-c7190843c31a,Xymenes,Meeking,xmeekingl3@addthis.com,490 Burning Wood Hill
68e5c2df-9719-42b9-aae8-8204131d961c,Lorin,Tezure,ltezurel4@hugedomains.com,04877 Oakridge Park
a1ae88fe-3d79-4462-81dc-3bcc9a66854c,Gray,McDermot,gmcdermotl5@nhs.uk,9 John Wall Center
47d02525-c578-425c-b87f-52cce5be2e90,Davida,Halling,dhallingl6@google.nl,48 Bonner Parkway
b571eccf-aa1e-4fd1-ac7a-c13cc672ff64,Moise,Allport,mallportl7@meetup.com,21709 Hayes Terrace
436761a3-5d9f-4630-8742-beb2617199c4,Moira,John,mjohnl8@photobucket.com,50620 Roth Park
088026fa-270b-4c5e-b711-97913af8bdbf,Dorie,Anstey,dansteyl9@feedburner.com,289 Crest Line Avenue
8128fc35-665e-4047-a83e-ab24a62c98c8,Billy,Tye,btyela@studiopress.com,957 Killdeer Point
2eb45b36-ea16-4f85-ad5d-ac6904370688,Janaye,Verrill,jverrilllb@adobe.com,64 Village Green Trail
879976f0-d0c6-4ab5-97f9-9ce81254eefd,Frederigo,Yakutin,fyakutinlc@oaic.gov.au,3347 Michigan Terrace
47976dae-2894-4fad-9de2-fac26cb0b457,Dell,Aizikowitz,daizikowitzld@stumbleupon.com,4 Grover Center
149110ab-d780-497d-b198-1743a9f787e0,Odelle,Faircloth,ofairclothle@discuz.net,29 Duke Alley
bb24abcb-8257-42cd-9fd3-83cd4466fc88,Griselda,Bricksey,gbrickseylf@huffingtonpost.com,3 Susan Plaza
535bf6b7-9c54-4889-aa35-11023ea72465,Kat,Weller,kwellerlg@wikimedia.org,57546 Fairview Crossing
85f18258-5b7f-4b52-bcc3-2ec076c5fc2f,Bonny,Dudley,bdudleylh@boston.com,3230 Gale Center
48e1942a-cea7-40d1-88f5-acb13621f5f7,Bert,Marjoribanks,bmarjoribanksli@bigcartel.com,679 Namekagon Junction
ec66d20d-717f-4472-b85a-d87b58489560,Isidoro,Jordan,ijordanlj@tamu.edu,174 Eggendart Lane
1e02cd88-95a0-4d67-973a-9928151764d5,Brear,Boyland,bboylandlk@freewebs.com,618 Caliangt Trail
6ae7f093-9bbc-46e3-be52-25b52080d7a3,Farah,Lenaghen,flenaghenll@webnode.com,264 Cascade Parkway
12b3e7c6-7f22-44d6-bb0a-e8a96f2b7b0c,Christa,Lotze,clotzelm@gmpg.org,985 Grasskamp Place
8fe63e1a-c4bc-49cd-a0c8-23f40ddbee20,Karleen,Aizlewood,kaizlewoodln@redcross.org,061 Amoth Point
e5677303-9ac8-4674-a52c-2ad70e3282bb,Ricki,McGarrity,rmcgarritylo@bloglovin.com,9593 International Park
0ef4e078-f9d7-44e3-9c2e-15c052b158ae,Rayna,Shuter,rshuterlp@oaic.gov.au,8474 Little Fleur Pass
895f3075-fd97-49b4-b083-130d28f8657d,Audre,Goodley,agoodleylq@taobao.com,57118 Kim Place
a7397b80-6a73-487b-9ab9-d7b357fe19aa,Jordan,Golborne,jgolbornelr@prnewswire.com,134 Fallview Street
bca25bd2-29bc-420e-bc6d-acc944a2eb50,Estrella,Hourican,ehouricanls@cornell.edu,9031 Shopko Way
7905fd7e-8644-494d-8d36-7a7d8c97f291,Bibby,Garralts,bgarraltslt@noaa.gov,33473 Tony Drive
3760f728-8819-44aa-ba7c-441e70d9a880,Cathie,Dobrovolski,cdobrovolskilu@bing.com,906 Melby Center
69917b8c-cb1c-43df-b62c-ee64eedd6810,Josepha,Kopisch,jkopischlv@dell.com,4 Goodland Drive
ea8149ae-0be0-49d3-aa6d-b629396f5842,Ax,Pietz,apietzlw@sourceforge.net,20 Summit Crossing
262eda68-7ce9-4cd6-8d99-1e25113c718d,Chandra,Matussow,cmatussowlx@friendfeed.com,3367 Pankratz Crossing
a064ec1c-ee34-415d-a35b-3d629438eb39,Colan,Scrannage,cscrannagely@goodreads.com,04256 Monument Parkway
1bf4f9da-e0eb-4247-b263-277555f2d3cc,Aaren,Heisler,aheislerlz@un.org,11827 Pearson Parkway
458e2718-cc91-4ad3-b4b8-1a7b71bdd021,Padgett,Kirkam,pkirkamm0@virginia.edu,719 Dorton Hill
8023d926-42a6-46f6-aa04-8934c88d4328,Shelba,Caulwell,scaulwellm1@japanpost.jp,00386 Portage Hill
5c7ed7c5-f205-4d33-9731-a50649df1db9,Sheppard,Dyhouse,sdyhousem2@mapquest.com,9 Lien Street
b09e98b2-f5b1-4535-bbc1-3511e7101a82,Pavia,Kittless,pkittlessm3@chronoengine.com,58884 Sunfield Plaza
d032b003-dd57-4571-93c0-c64bd428af1b,Orbadiah,Florence,oflorencem4@yellowbook.com,1 Manufacturers Plaza
63ec3d13-b3c0-41b1-9a55-8f1202798442,Miguela,Castagneri,mcastagnerim5@dyndns.org,971 Eagle Crest Hill
556c1b53-1b3b-4169-85c8-4424672c64db,Georgiana,Howgate,ghowgatem6@foxnews.com,75 Steensland Junction
d74f7b3f-94b1-43fc-b797-23e01b76c03e,Max,Halleday,mhalledaym7@vistaprint.com,4 Lakewood Gardens Hill
af563048-ecef-4c5f-87a3-bc2ce48f7999,Albie,Lombard,alombardm8@foxnews.com,49599 Kedzie Parkway
26e65469-4d5e-4f0e-9249-ad5e48a12f3c,Starlin,Beaglehole,sbeagleholem9@abc.net.au,3135 Sommers Alley
2a692551-97a7-4322-963f-89f86be409a5,Aloysius,Pre,aprema@sogou.com,4800 Roxbury Parkway
49b7ae16-537b-4dc6-9a33-2f6d0cc7a498,Melony,Esche,meschemb@freewebs.com,70 Gina Point
bf0635d0-0756-4d3b-b82d-93b3c7d298fa,Allis,Duddle,aduddlemc@jimdo.com,226 Toban Way
0d3a574b-0736-4904-983e-eafbd18f4213,Urban,Ottosen,uottosenmd@cyberchimps.com,53 Maple Wood Drive
b826f888-691b-4a4e-8374-6f2632f8b1e8,Ossie,Pisculli,opiscullime@engadget.com,41 Bunting Parkway
ecb77306-b3cf-47ec-8231-f53b5093d14e,Cicily,Sheerin,csheerinmf@merriam-webster.com,5 Lotheville Point
5819cc23-f1ae-493a-a8d6-2b29a9a346a1,Rolph,Cicco,rciccomg@squidoo.com,93770 Pond Junction
efbe5b39-8800-4f11-85fe-43598a5f6521,Nerty,Kording,nkordingmh@jiathis.com,3671 Corscot Street
63727d66-e64d-4c07-83a8-4c32835bdd86,Barth,Osipenko,bosipenkomi@irs.gov,923 Marcy Center
0b38264c-117a-4886-becb-ef00bb62cc28,Bogart,Beisley,bbeisleymj@guardian.co.uk,59420 Loomis Center
a7aa8367-8207-420a-afdb-89de42e3bd0d,Marvin,Yankishin,myankishinmk@si.edu,751 Mandrake Street
fdb549c9-a553-4da5-abd5-4f5a204a81f4,Yurik,Sterrie,ysterrieml@hud.gov,4 Magdeline Lane
388aa9dd-f049-4355-912f-3c24e0c4d5be,Emelyne,Cottu,ecottumm@ucsd.edu,25 Vidon Alley
b220484a-27c5-4b8e-8596-eb89efc1e87a,Jordan,Mandrey,jmandreymn@soundcloud.com,9 Lakewood Gardens Pass
3396032d-8663-4752-9eba-93fcbe6842ec,Patricia,Filler,pfillermo@java.com,78078 East Crossing
2e4d33e4-2e56-4c1d-a1c5-bcdc3b816fbc,Barbe,Maxfield,bmaxfieldmp@ifeng.com,317 Monterey Road
2125c8ec-2f82-49bb-8f8a-0feec723e0c6,Jere,Woodhead,jwoodheadmq@skype.com,86532 Buhler Junction
ec47fa60-7634-4acd-ba21-1e2953eff0f4,Angus,Drabble,adrabblemr@slashdot.org,170 Little Fleur Avenue
05e74952-6321-41cd-b033-c174e48e6c60,Florinda,Slorach,fslorachms@sun.com,961 Montana Circle
ff828683-f523-4a79-8261-95d55cb0d1a9,Carmelle,Cattenach,ccattenachmt@army.mil,27 Barby Pass
0d3e85a2-3181-47b7-baed-97f78e341cc3,Fay,Habens,fhabensmu@illinois.edu,7822 Kinsman Hill
ce75d9e9-5ee9-4a0c-95e9-10491dc3bb78,Concordia,O'Crigane,cocriganemv@discovery.com,6673 Huxley Alley
f2357a8a-d968-48d8-989e-ca53bc891e86,Roanna,Forder,rfordermw@nbcnews.com,2918 Riverside Point
b419648f-bc9d-4787-a31a-b0c42450136a,Suzanna,Pitchford,spitchfordmx@seattletimes.com,378 Loeprich Court
f7118b49-ab9e-4c9a-a38a-ad3be286e077,Kylen,Fortune,kfortunemy@thetimes.co.uk,74 Jana Place
bad4bbe5-3694-4cc9-9cab-135827354bec,Marcello,Scantleberry,mscantleberrymz@flavors.me,5 Fremont Drive
f5120f38-c600-4958-ac53-4adf42f7e86a,Mathilde,Mackelworth,mmackelworthn0@cafepress.com,55766 Monument Junction
d044e2c7-8ef0-4107-bc68-92c0922584b2,Brand,Quantrill,bquantrilln1@lulu.com,468 Talisman Point
3dcbcf6b-d1c6-4d80-a68b-e33ae8552026,Eudora,Conville,econvillen2@livejournal.com,23850 Arapahoe Center
8e6e6c40-5542-40bb-85e1-8462e96fd192,Christel,Skelly,cskellyn3@abc.net.au,149 Dawn Court
0fcb4339-b1a5-40d2-ae9a-c202c48d861e,Marshal,Ansty,manstyn4@1und1.de,2 Old Gate Place
9d1941d0-3923-4529-aa4d-ed0acf31974e,Eba,Hegdonne,ehegdonnen5@sciencedirect.com,89 Shelley Point
37436b16-fb9c-405b-8236-3649f9ca9783,Clareta,Marton,cmartonn6@dyndns.org,0 Meadow Ridge Crossing
3b63df65-a409-4b63-8f77-242765430109,Babita,Dearlove,bdearloven7@ucla.edu,7 Service Road
015f1300-fc05-46ac-81c8-74ad5c58eb6d,Camey,Aish,caishn8@163.com,8 Little Fleur Road
fa0b93f8-1c5e-4234-b2c4-44ad5c0def04,Bobine,Lideard,blideardn9@mysql.com,9 Jenifer Circle
39d0fbf1-7528-48da-90d4-5210c980e522,Caresa,Savile,csavilena@squidoo.com,1 Northfield Place
b9f5cae1-8f8b-438f-b397-c5950e2adbab,Blayne,Woodnutt,bwoodnuttnb@wikimedia.org,2 Burning Wood Road
1e14eb67-ebb2-42fc-8cdf-20d9ed2b0ab2,Siusan,Blower,sblowernc@mac.com,97475 Stuart Court
6818283d-73fc-49f0-9ecf-cbf87cf862bf,Orson,Lared,olarednd@buzzfeed.com,219 1st Center
a1d9567f-0a57-4b8c-8daf-b29c23ad52fe,Belle,Athy,bathyne@myspace.com,142 Harbort Road
9d6843c4-c46a-4aef-8679-6d400a6273c7,Hart,Lowsely,hlowselynf@usatoday.com,6135 Declaration Road
4fa581d1-952d-45ae-871f-cfafc06bc6f7,Raul,Manthorpe,rmanthorpeng@clickbank.net,09 Blaine Circle
9b09ab68-35c3-41d8-8b42-9e63517d8f10,Barnebas,Caustic,bcausticnh@apple.com,15829 Delaware Trail
39fa10fc-faed-4ce0-8e38-f0461d1a4bec,Claus,Nathon,cnathonni@usda.gov,2291 International Plaza
b8db4dc7-5553-444c-844f-0e7db3731c41,Connie,Devericks,cdevericksnj@dailymotion.com,58723 Towne Circle
1b84b5f8-bd7c-4ddc-8991-5c1b41e7f87a,Eustacia,Wiffen,ewiffennk@nasa.gov,50 Crowley Park
29421238-f67b-4507-bf51-ec3e6c5d2df1,Sallie,Bertrand,sbertrandnl@blogtalkradio.com,5 Larry Street
bc976f3d-41e0-4fa3-89d8-36a1dae2fa2a,Nils,Pelos,npelosnm@t.co,1 Sheridan Parkway
e180a2eb-97e9-46e9-97ac-d8d711a0d689,Aggie,Lowseley,alowseleynn@pinterest.com,05250 Calypso Pass
fc185649-ac1e-477c-9019-b0c48be473a4,Devi,Youens,dyouensno@123-reg.co.uk,9953 Muir Drive
86bee320-2ac6-40cb-87e0-80e4f26bd989,Gail,MacRirie,gmacririenp@wiley.com,00088 Meadow Vale Pass
f685083e-861e-4c34-b786-034037cbe2f1,Thedrick,Teese,tteesenq@hugedomains.com,2248 Colorado Lane
93b3fad8-75d7-4e0b-b1f0-73367ca83a5c,Carolann,Bottrill,cbottrillnr@scribd.com,0 Division Crossing
70af3190-55be-492a-ae88-561d4c89ddf7,Everard,Kettley,ekettleyns@guardian.co.uk,1 Cherokee Crossing
fb5b6c31-91dc-4c23-8daf-c0e1d953c283,Auberta,Pipkin,apipkinnt@vistaprint.com,28830 Ridgeway Street
668ecb96-d704-46f7-b4d2-0904b0306a2a,Sayre,Monnery,smonnerynu@icq.com,2439 Sutherland Street
c893ee43-b038-4a59-9759-0d7c8e756501,Augustina,Puckey,apuckeynv@sina.com.cn,90 Reinke Circle
2e8533be-1938-4df8-afe7-ee8ffabbd5da,Julissa,Gecks,jgecksnw@businesswire.com,1 Corry Circle
0fda1344-08a1-4ace-88ad-6c98daeae029,Marnia,MacNucator,mmacnucatornx@e-recht24.de,94305 Hazelcrest Point
54f0eabd-a5ae-4222-877c-f6fd290bc979,Lorrin,Fesby,lfesbyny@fema.gov,63918 Blue Bill Park Parkway
c2d57b4b-e91b-4be1-ab34-334e4ccefbbb,Jolie,Amaya,jamayanz@posterous.com,9626 Little Fleur Alley
ae8f6dab-d35d-4230-b6a6-429133814fc9,Zea,Madre,zmadreo0@cbslocal.com,7515 Canary Alley
a32f023d-c877-4a5e-8d48-986e7862bd30,Trace,Dunbar,tdunbaro1@imgur.com,73005 Portage Court
e3f03cc8-85fc-4568-adbb-f137075a205d,Fabian,Yeskov,fyeskovo2@exblog.jp,306 Buena Vista Way
5d86a64b-2277-42a6-be5a-36cefd531c6e,Quintina,Chatto,qchattoo3@hugedomains.com,2766 Comanche Plaza
5fe66288-2559-45f0-9a95-305d562d0679,Raychel,Barnsdall,rbarnsdallo4@artisteer.com,54041 Sutherland Hill
c53d1f80-c26d-4dec-8f21-5b8e1e8c4d6b,Bethina,Henrique,bhenriqueo5@whitehouse.gov,85 Sauthoff Terrace
60829116-268b-425a-b190-12ae423b1ef9,Woodie,Brister,wbristero6@sciencedaily.com,0685 Pond Circle
2345164a-7d21-4fac-a743-115b4c960212,Cora,Jean,cjeano7@marketwatch.com,4 Elka Point
b452a674-3082-460a-a540-8f1eed8e438e,Ignaz,Russon,irussono8@theglobeandmail.com,546 Monterey Alley
fa2afcf0-c24d-427e-a0a7-f3c71dbe75a7,Moselle,Bensen,mbenseno9@home.pl,1762 Butternut Drive
878eb7e5-c3c4-4620-90f5-9597c21c6ff4,Benedetto,Westoll,bwestolloa@ask.com,229 Elka Street
26f5b368-3ee5-4b7a-b9ad-263694174796,Rockie,Lemery,rlemeryob@apple.com,10244 Moland Parkway
59aa52cf-3929-4c4a-b840-f62fa3821981,Skye,Gawkes,sgawkesoc@shareasale.com,0 Armistice Alley
395bfd5c-82ad-4bdf-be7e-7fb3867737f9,Alana,Boissier,aboissierod@free.fr,6 Becker Drive
4251b2d9-696e-4af8-a43e-4acc4a220704,Haley,Auletta,haulettaoe@nps.gov,48949 Oakridge Way
9b7b9a6d-3a1d-4e42-88cb-c2402a58a4f2,Giusto,Ketteringham,gketteringhamof@naver.com,6 Tony Pass
5ee05003-01ae-4828-9fb4-4f65d69f4a64,Reuben,McMurtyr,rmcmurtyrog@cnn.com,124 John Wall Circle
00f6919b-b18e-430b-a212-0db6c071ec09,Devlen,Paskins,dpaskinsoh@cpanel.net,9 Evergreen Park
71222532-d577-4c46-9bdc-ff0f3fe0745a,Kennett,Adamik,kadamikoi@live.com,2692 Merry Hill
56b199a3-5a03-4fcd-9383-474887cb6f33,Sande,Haydney,shaydneyoj@whitehouse.gov,7 Packers Alley
c9e282a0-25a4-4052-858d-983c99da9e1b,Devlin,Garroch,dgarrochok@pbs.org,830 Sherman Point
ad920be4-6879-4999-a394-a473d9ea0316,Dietrich,Zywicki,dzywickiol@nifty.com,3150 Jackson Plaza
8662e560-ad5d-4f52-bc13-9956b1234401,Gray,Carson,gcarsonom@salon.com,0 Spohn Drive
485855d4-b75d-4d15-b912-f9600b5aec89,Cherie,Conn,cconnon@independent.co.uk,4533 Kings Street
d2cd9fbd-d97c-4286-ad4a-0b679f238b56,Gwennie,O'Hagan,gohaganoo@alexa.com,3003 Bashford Park
e75ce862-6698-4fc7-9803-6bb1e0798336,Helsa,Karlsson,hkarlssonop@theglobeandmail.com,77 Blaine Alley
8eb4d3a7-d7b8-4337-abcc-2e73669eb19f,Caritta,Huckerby,chuckerbyoq@apache.org,0673 Bobwhite Parkway
7f002cc9-274a-43df-92d8-9468d4212cd2,Benita,Dumbrall,bdumbrallor@sciencedaily.com,33419 Hanson Place
093375f9-ffda-4fdf-91ba-d6e872c1b498,Roze,Lestor,rlestoros@admin.ch,1612 Hansons Lane
b56c41ad-158f-44bc-92fd-72a4f69bec1d,Ogden,Andryunin,oandryuninot@hc360.com,52 Loeprich Crossing
5bc28c4c-72bc-4d00-bc7a-ded967c58a16,Gail,Brazenor,gbrazenorou@moonfruit.com,73542 Waywood Road
eb7fc84d-1db6-450e-8d78-cfefa4ec4f2f,Jolyn,Burnhard,jburnhardov@php.net,0 Kim Point
1a5d35e2-dd1c-4673-ae57-c8ddbef9af00,Bradly,Broughton,bbroughtonow@simplemachines.org,11 Havey Lane
6cd4852e-71f7-4da5-bed0-36ace4ee06d0,Yorgos,Poytheras,ypoytherasox@unicef.org,103 Bellgrove Crossing
507f3bbe-3d6f-4f5c-9828-280c85d16678,Cly,Kermannes,ckermannesoy@dyndns.org,39419 Tony Plaza
bc49d07c-59e5-464e-a8df-d38eeedbf5f4,Vivi,Hurton,vhurtonoz@ed.gov,1254 Arizona Point
8019cd79-34a1-4852-a4dd-072ad16c497c,Elysha,Gerraty,egerratyp0@mediafire.com,15856 Scofield Point
0ca2ff24-f152-4353-b66b-3c16260d50e3,Adora,Ellar,aellarp1@blog.com,64 Acker Parkway
4117aa0c-4550-4214-8730-5b86859773c6,Nial,Dykins,ndykinsp2@diigo.com,77 Cardinal Junction
610c4a3d-0918-42a6-bd94-d65a2c85cfb5,Bridie,Maitland,bmaitlandp3@miibeian.gov.cn,5721 Hanover Court
ce94170d-5e57-4761-961d-d18d8b29043e,Delmer,Dyson,ddysonp4@wiley.com,0192 Crownhardt Alley
1135c3fa-b97f-426f-b08b-062ff1e541e6,Erin,Phare,epharep5@dot.gov,17 Schiller Center
7c5de017-adb7-4407-8e3b-2dbbb1bf40c6,Codee,Goodyer,cgoodyerp6@imageshack.us,875 Eliot Court
5da64070-ddf7-4c1e-b09c-8003bcb2dd21,Husein,Dutnall,hdutnallp7@macromedia.com,6 Dawn Park
47a689de-4d7d-4f66-8d61-dc3ca8df1fd7,Bidget,McMechan,bmcmechanp8@yale.edu,602 Forest Avenue
1ea711ae-5815-4efd-aeba-5d3f8d7e095c,Philippine,Danilovic,pdanilovicp9@joomla.org,10 Gale Avenue
559cb0f6-eb1f-4b4d-bb0e-a8df70f4e97b,Dita,Pace,dpacepa@sohu.com,10 Waywood Terrace
f5bad31a-d481-4eef-8b23-3d1ba519bfc2,Sharyl,Ableson,sablesonpb@tinypic.com,2 Orin Drive
c05680fd-68e3-4cd0-8681-084cf09a5321,Arlen,Ducker,aduckerpc@dion.ne.jp,4498 Ramsey Hill
fcad314c-788d-4b63-aad4-5ee18b921e77,Reece,Tappor,rtapporpd@goodreads.com,8 Hanover Park
93633813-c8dc-4e6e-aafb-52bafb27f89a,Sibley,Berends,sberendspe@spotify.com,3 Upham Way
40531d49-d9af-4e45-b960-1e2eb7026e87,Ginnie,Volkers,gvolkerspf@bizjournals.com,3 Mosinee Hill
e077a60e-90f8-45d2-83db-568fa66cb8ef,Sigfrid,Glanton,sglantonpg@unblog.fr,1155 Victoria Alley
1b521a85-b161-4e5d-a5f6-5786b47cb3b7,Gabbie,Harp,gharpph@github.io,61 Marquette Crossing
cc22ded6-dab0-42bb-ad61-9c495d2ffd85,Ranee,Matthewman,rmatthewmanpi@artisteer.com,7001 Debs Plaza
9adb3f61-2f12-4f99-85ef-c5e13235ff16,Damara,Kirckman,dkirckmanpj@baidu.com,553 Vidon Plaza
9dc88108-3b42-4bf4-918f-03ee599b3c1a,Rudolf,Coveney,rcoveneypk@japanpost.jp,306 Ohio Park
06a170e7-4c48-433c-8e72-d5332692287b,Clayton,Emanulsson,cemanulssonpl@howstuffworks.com,6 Lotheville Parkway
a0682e3c-096b-4a79-ac2a-cad56fe6f6d2,Torry,Gallahue,tgallahuepm@1688.com,964 Leroy Lane
b8334285-e065-4b9d-af93-008caf96dcd4,Emmet,Bates,ebatespn@aboutads.info,611 Hayes Plaza
fe373e4e-2564-4c91-846c-81a49578446b,Roma,Ower,rowerpo@elpais.com,6 Little Fleur Alley
6a2d10f0-9141-4a7f-9d67-f0dcff0b5f5c,Joella,Carnock,jcarnockpp@livejournal.com,98137 Dayton Court
8e5ef0af-0159-41af-9a00-3abd1c299586,Barr,Heading,bheadingpq@adobe.com,49542 Delaware Plaza
6a7c46aa-4f44-4dd0-90cf-06ec970ab565,Karisa,Windrus,kwindruspr@live.com,84 Ramsey Avenue
1ccfdd31-db12-4d84-8abe-1f0b8403a791,Manon,Vice,mviceps@artisteer.com,50 Dayton Trail
972cd963-54f1-48e8-8f1e-a34e5e9a9203,Corabella,Stelle,cstellept@independent.co.uk,0030 Talmadge Park
abe6f73b-8492-4780-b041-503428ecd889,Elnar,Pockett,epockettpu@mac.com,469 Di Loreto Alley
88a02bda-e01a-44b9-bf20-9ded492e5cd7,Tabor,Issacov,tissacovpv@devhub.com,481 Upham Junction
6d64ac92-5684-4f0c-81a5-0267b3a59a12,Kingsly,Daelman,kdaelmanpw@tiny.cc,2800 Crowley Way
449a22d9-3d03-42d0-9cf1-17c4e0164094,Sybila,Spragge,sspraggepx@sina.com.cn,084 Menomonie Parkway
46e51919-b545-4a81-9f00-d2852248027f,El,Verlander,everlanderpy@toplist.cz,11478 Lakewood Circle
947b9d5b-3207-48a5-a4bb-639c26c4bc85,Bibi,Readmire,breadmirepz@stanford.edu,6681 Fieldstone Pass
75079004-49f4-4f51-b71b-d4e6d99ff20c,Mickie,Muck,mmuckq0@nsw.gov.au,21 Shopko Road
339d6c58-3dec-4ea7-b4a6-b06654d48357,Eddie,Stansall,estansallq1@tripod.com,5144 Myrtle Terrace
4fbc68bb-f883-4248-9343-22c9c450e6a5,Roxane,Ollivierre,rollivierreq2@furl.net,73 Bonner Trail
ea2e68b7-9ea3-468f-853a-4da7dfaa9194,Roxy,Raoult,rraoultq3@themeforest.net,9259 Forest Avenue
8d735cbe-2f0f-4c06-9377-8c767a3cf435,Ana,Melbury,amelburyq4@altervista.org,361 Sutherland Way
d9e7ef56-41e9-4529-a5f8-49d7f88afab4,Mary,Risbrough,mrisbroughq5@ucla.edu,534 Clyde Gallagher Road
576560d0-0398-486d-98a1-6de0ecc6dd92,Jo ann,Disdel,jdisdelq6@bloomberg.com,60 Swallow Trail
398a59fe-7235-41d3-9b16-56ff989d643c,Jeniffer,Pellissier,jpellissierq7@samsung.com,38 Moulton Hill
52e16acb-fa26-4b7d-88bc-f7b0b06b586e,Trstram,Milthorpe,tmilthorpeq8@time.com,1460 Maple Pass
c993dc0b-87bb-4851-a6ad-62131c5cd8fd,Martynne,Spriddle,mspriddleq9@microsoft.com,5048 Monica Drive
95e77d92-2295-4eb3-940b-29f0e03a3148,Kalindi,McInulty,kmcinultyqa@opensource.org,67 Northview Trail
b89be05c-ac1d-435e-a55a-8b7bf8bb9701,Will,Pegden,wpegdenqb@desdev.cn,10 Garrison Junction
ee613fca-8c32-455d-84da-a9e094a772a5,Natala,Cornu,ncornuqc@twitpic.com,4 Twin Pines Parkway
1d0d6950-1edd-4695-a581-01cf24b5a721,Ginger,Fryd,gfrydqd@harvard.edu,51 Dahle Circle
22922e57-2ddc-46bf-87b7-0d9bc31ea4c2,Rutherford,Malkin,rmalkinqe@lycos.com,45417 Florence Park
5b23fce2-dcb8-40e9-abcd-b6caeaf2747a,See,Briskey,sbriskeyqf@engadget.com,02529 Clemons Circle
3d482b8c-66ea-42a9-a4e4-51430732096e,Brynn,Walshaw,bwalshawqg@state.tx.us,91 Holy Cross Park
799c3249-0f12-40cb-b2e0-3544c30cc0cc,Esta,Ashurst,eashurstqh@senate.gov,243 Mesta Circle
c0ad4f49-89ac-4853-b6a5-b22de1f950bf,Morgana,Snepp,msneppqi@exblog.jp,9 Roxbury Court
fbf76868-c0c3-416f-93e9-804b45b2fa91,Thomasa,Lode,tlodeqj@blogtalkradio.com,006 Prairie Rose Terrace
099f427f-c765-4a8e-81cd-c484b207529c,Gertrudis,Grew,ggrewqk@posterous.com,39 Macpherson Trail
70a83000-79d3-4de7-99f1-fa15730ddc33,Gracie,Sellstrom,gsellstromql@vinaora.com,12164 Luster Street
99833796-879f-487b-ae5f-ffbfe4d3cf25,Lambert,Lippard,llippardqm@epa.gov,15 Oakridge Alley
99a0b319-a262-45ac-8f81-41471df03a24,Terrie,Abotson,tabotsonqn@joomla.org,100 Morning Hill
58e8791c-27e6-4833-b7b9-7fe17dfb0101,Ardenia,Meadley,ameadleyqo@bizjournals.com,611 Meadow Valley Center
321d577c-4cfe-4b95-bc5b-c3fcd39d89e4,Bartel,felip,bfelipqp@mlb.com,49268 Lindbergh Center
2ee59e40-a3ff-4736-a99d-5d39265732f6,Raf,Storks,rstorksqq@google.de,9 Merrick Way
1910e9e4-20a6-4d6d-99b2-fd1247b2fbf4,Filip,Kencott,fkencottqr@answers.com,1096 Crownhardt Point
575ececf-8c34-482e-8ba5-73c6d506722a,Reinwald,Lawless,rlawlessqs@bbc.co.uk,0 Monica Parkway
e29e3bf6-3edc-4d86-b563-9ea0553aefd9,Estel,Morewood,emorewoodqt@theguardian.com,18612 Garrison Hill
d967a136-1984-401f-bf86-485fbe8987ca,Ailyn,Yablsley,ayablsleyqu@clickbank.net,317 Ronald Regan Parkway
9863eec7-f9ed-405a-9daa-bb4188d78f3e,Lauryn,Bryan,lbryanqv@printfriendly.com,721 Arrowood Circle
a9f84720-4462-4a58-ae9a-3fe980a63f3d,Sibel,Mackriell,smackriellqw@bravesites.com,27948 Butternut Road
0575fe62-bf1e-437d-bc1f-54981ae398ca,Sarette,Nern,snernqx@wix.com,5253 Florence Park
8eed5b7c-b469-4c37-9a83-ca0e787e6665,Leoline,Segot,lsegotqy@google.es,0 Thackeray Pass
c94ad4c4-11e4-45be-838c-fe573502f70d,Ronald,Liddell,rliddellqz@amazonaws.com,426 Drewry Alley
35bdfa08-f0f2-4c4b-b465-e61c099c11e2,Bruno,Edgeley,bedgeleyr0@ihg.com,56 Packers Place
1057db82-231a-4c25-8636-817cea5f40fd,Wallas,Whyler,wwhylerr1@nationalgeographic.com,37790 Bay Parkway
1df416a0-e471-4700-b935-2f1505d05c47,Charmion,Willgoose,cwillgooser2@4shared.com,033 Dakota Plaza
f6a165d2-2b19-46df-b523-f7df8ba9e955,Oona,Lippini,olippinir3@bbc.co.uk,93861 American Circle
f79ee282-ec81-403a-8ace-cbc332321449,Kerr,Syder,ksyderr4@spiegel.de,96231 Alpine Way
044e7a0f-ecb5-4445-9bbc-94a0c5481612,Valeda,Manvell,vmanvellr5@is.gd,9 Montana Park
8335f5ae-cae8-450d-880b-106e7957871d,Nyssa,Dods,ndodsr6@eventbrite.com,81 Judy Junction
b6495d03-ae3d-48f0-a330-cf5de42467b5,Aube,Borless,aborlessr7@tripod.com,9 Garrison Terrace
2b52c85f-81ef-4837-ba16-b1ceeee8ccb3,Nataline,Joseland,njoselandr8@whitehouse.gov,79484 Bluestem Alley
ba5675e6-e897-499f-95c5-7acccfd3350d,Marice,Iskowicz,miskowiczr9@theglobeandmail.com,134 Montana Trail
76c04d7f-b3ac-4298-8e5c-b22585997b98,Ivor,McCrorie,imccroriera@example.com,5007 Fuller Road
afcdfc67-d45f-43bd-9538-840c9a9f5158,Kathie,Alexsandrovich,kalexsandrovichrb@reference.com,7299 Swallow Trail
f700e154-f4aa-49ef-b800-fd5b4a8f07c7,Eirena,Cursey,ecurseyrc@bigcartel.com,804 Carpenter Plaza
e3b16518-c262-481a-838d-d9ef156f9310,Reine,Gabbitus,rgabbitusrd@tamu.edu,5 Hauk Pass
2c9ec156-4f42-483b-80dc-c1a16c190f21,Chrystel,Kilalea,ckilaleare@adobe.com,03344 Cody Court
a8d853cf-2f75-4295-83cb-a111dc8981b5,Sauncho,Wyse,swyserf@prlog.org,6 Esker Circle
ebbbcb9d-87fc-4b95-9977-8818890351ba,Marguerite,Pannett,mpannettrg@bbb.org,9 Southridge Alley
4d5c7a23-2dd7-4770-9961-cc25b82b34bb,Gavra,Ogborne,gogbornerh@smugmug.com,2806 Michigan Court
77677adc-7c64-4a1b-a141-90e4b4cfcced,Lauretta,Pietroni,lpietroniri@instagram.com,11 Northridge Center
eaac1ba0-794f-4d87-bfc3-778a20386f49,Cari,Almon,calmonrj@ask.com,97717 Eagan Avenue
4049363d-5886-45c9-a908-cdb05f07ac68,Denver,Mennithorp,dmennithorprk@blogger.com,24587 Esker Park
4df58a3f-0ffe-47a8-bd35-768afb280f8a,Eudora,Benninger,ebenningerrl@apache.org,06661 Glacier Hill Avenue
4fd9e4b7-97e4-402f-bdf4-9127a549bc8f,Mel,Standeven,mstandevenrm@dot.gov,700 School Hill
ecb1365c-314a-4a42-b62d-0af987334f14,Juliette,Coneau,jconeaurn@bloglines.com,2497 Anderson Court
a0b0de04-dfeb-41d2-b9c6-0ef34f323cb0,Kevina,Seear,kseearro@bbc.co.uk,6593 Russell Hill
da448182-6680-4b9b-afa3-f95d7bd26989,Myrvyn,Quixley,mquixleyrp@squidoo.com,79 Weeping Birch Avenue
f1148775-527a-48aa-a87d-326a8cef16ad,Elicia,Mangeney,emangeneyrq@washingtonpost.com,940 Londonderry Lane
0bde29a3-10e9-4b65-abf9-0ee1a9db7199,Ivan,Kill,ikillrr@uiuc.edu,7 Sachs Point
